u,v,key,osmid,highway,oneway,reversed,length,geometry,lanes,name,width,bridge,access,maxspeed
245491934,7834011317,0,804468968,cycleway,False,False,129.94753937688185,"LINESTRING (2.022247 41.3159235, 2.0224167 41.3158673, 2.0231378 41.3151336, 2.023227 41.3150372)",,,,,,
473593975,5801467401,0,"[839432388, 1228047101]",cycleway,False,True,165.9469348427569,"LINESTRING (2.0534137 41.2773192, 2.0534194 41.2773672, 2.0531914 41.2776722, 2.0529318 41.2780267, 2.0529006 41.2780873, 2.0529018 41.2781397, 2.0529214 41.2781943, 2.0529757 41.2782757, 2.0530035 41.2783442, 2.0530068 41.2784058, 2.0529958 41.2785003, 2.0530049 41.2785296, 2.0530186 41.278553, 2.0530508 41.2785965, 2.0530865 41.2786342, 2.0531042 41.2786529, 2.0530953 41.2786596, 2.0530835 41.2786684)",,,,,,
1094360207,7833964862,0,"[839518946, 839518947, 804454199]","['path', 'cycleway']",False,"[False, True]",555.9014372134957,"LINESTRING (2.0137231 41.31501, 2.0135805 41.314949, 2.0144566 41.3139444, 2.0145208 41.3138506, 2.0145211 41.3138176, 2.0144982 41.3137861, 2.0144048 41.3137337, 2.0130161 41.3129535, 2.0129709 41.3129417, 2.0129173 41.3129445, 2.0128987 41.3129556, 2.0128104 41.3130379, 2.0127279 41.3129906, 2.0126536 41.3129489, 2.0126783 41.3129212, 2.0127122 41.3128696, 2.0127152 41.3128179, 2.0127037 41.3127642, 2.0126862 41.3127281, 2.0126664 41.3127042, 2.0120191 41.3122987, 2.0111332 41.3117437)",2,,,,,
1567770481,7834021704,0,154103188,cycleway,False,False,294.76245198662485,"LINESTRING (2.0058461 41.3079825, 2.0059023 41.3080036, 2.0062242 41.3075966, 2.0063674 41.3074594, 2.0067215 41.3071612, 2.0074741 41.3066496, 2.0078389 41.3065166, 2.0083201 41.3064966, 2.0084891 41.306505)",,,,,,
1693797759,7834021704,0,804452579,cycleway,False,False,374.71624887238204,"LINESTRING (2.0114772 41.3089998, 2.0114005 41.3088372, 2.0103666 41.3079841, 2.00869 41.3066605, 2.0084891 41.306505)",1,,,,,
2142861651,7833896061,0,204276837,cycleway,False,False,434.81424826921113,"LINESTRING (2.0184692 41.3235932, 2.0185175 41.3235567, 2.0195193 41.322799, 2.0202842 41.3222176, 2.0211759 41.3215369, 2.0216343 41.321187, 2.0221284 41.3208113)",,Avinguda de la Torre-roja,9,,,
2209582615,9036217380,0,"[210931272, 273924482, 273924499, 934269774]",cycleway,False,"[False, True]",1151.9425135618806,"LINESTRING (2.0673651 41.2869339, 2.0673556 41.2869291, 2.0673444 41.2869268, 2.0673321 41.286927, 2.067321 41.2869301, 2.0662961 41.2874386, 2.0646075 41.2882549, 2.0642738 41.2883971, 2.0631528 41.2890071, 2.0618181 41.289692, 2.0616881 41.2897571, 2.0616404 41.2897886, 2.0615928 41.2898331, 2.0615538 41.2898645, 2.0614888 41.2899101, 2.0611619 41.2900808, 2.0610422 41.2901409, 2.0608827 41.2902211, 2.0606556 41.2903432, 2.0602695 41.2905543, 2.0601966 41.2906056, 2.060132 41.2906493, 2.060071 41.2906944, 2.0599907 41.290734, 2.0598196 41.2907997, 2.0595781 41.2909121, 2.0595573 41.2909218, 2.0590384 41.2911799, 2.0586993 41.2913555, 2.0586014 41.2913895, 2.0585285 41.2914069, 2.0584398 41.2914187, 2.0583429 41.2914187, 2.058269 41.2914041, 2.0581933 41.2913847, 2.0581324 41.2913646, 2.0580511 41.2913243, 2.0579643 41.291266, 2.0578901 41.2912071, 2.057808 41.291115, 2.0577075 41.2910493, 2.0576069 41.2909845, 2.0574881 41.2909354, 2.0573014 41.2908923, 2.057099 41.2908599, 2.056877 41.2908383, 2.0566537 41.2908354, 2.0563926 41.2908501, 2.0560857 41.2908982, 2.0557064 41.2909805)",,,,yes,,
2238416890,9036217380,0,"[210931266, 1106666374, 1111647378, 1111647379, 1111647380, 1111647381, 1111647382, 1111647383]",cycleway,False,False,1003.4325940409789,"LINESTRING (2.0535476 41.2984343, 2.0533302 41.2981772, 2.0529509 41.2977078, 2.0527381 41.2974205, 2.0526447 41.297244, 2.0524703 41.2969108, 2.0523379 41.2965878, 2.0522293 41.2961977, 2.0521609 41.2957875, 2.0521414 41.2956065, 2.0521237 41.2952208, 2.0521326 41.2950598, 2.0522159 41.2946653, 2.0522397 41.2946206, 2.0522724 41.294501, 2.0523124 41.2943742, 2.052326 41.2943322, 2.0524242 41.2940606, 2.0524906 41.2939214, 2.0526217 41.2936606, 2.0527472 41.2934622, 2.0529319 41.2931972, 2.0531129 41.2929669, 2.053375 41.2926935, 2.0536115 41.2924674, 2.0539032 41.2922301, 2.0543815 41.2918569, 2.0546604 41.2916377, 2.0547264 41.2916863, 2.0547334 41.2916908, 2.0547704 41.2917144, 2.0548168 41.2917468, 2.0548353 41.2917597, 2.0549641 41.2916601, 2.0549816 41.291649, 2.0549996 41.2916421, 2.055019 41.2916383, 2.0550472 41.2916352, 2.0550897 41.2916334, 2.0551192 41.291632, 2.0551478 41.2916282, 2.0551834 41.2916216, 2.0552365 41.2916102, 2.0552549 41.2916064, 2.0552771 41.2916043, 2.055297 41.2916053, 2.0553191 41.2916088, 2.0553371 41.291614, 2.0553676 41.2915775, 2.0553789 41.2915637, 2.0554919 41.2915009, 2.0555017 41.2914954, 2.0555231 41.2914852, 2.0555412 41.2914766, 2.0555282 41.291459, 2.0555232 41.2914486, 2.0555218 41.2914298, 2.0555259 41.2914135, 2.0555412 41.2913896, 2.0555583 41.2913577, 2.0555703 41.2913219, 2.0555841 41.2912716, 2.0555929 41.2912501, 2.0556063 41.2912321, 2.0556243 41.2912148, 2.0556372 41.2912044, 2.0556598 41.2911905, 2.0556871 41.2911787, 2.0557097 41.2911717, 2.0557683 41.2911593, 2.0557664 41.291154, 2.0557624 41.2911424, 2.0557499 41.2911067, 2.0557289 41.2910464, 2.055717 41.2910123, 2.0557064 41.2909805)",,,,,,
2238416892,2238416898,0,214264187,cycleway,False,False,43.67200437320252,"LINESTRING (2.0534042 41.298503, 2.0533756 41.2985143, 2.0534379 41.2985855, 2.0534498 41.2986389, 2.0534293 41.2986865, 2.0533906 41.2987358, 2.0533702 41.2987771, 2.0533457 41.2988527)",,,,,,
2238416898,2238416892,0,214264187,cycleway,False,True,43.67200437320251,"LINESTRING (2.0533457 41.2988527, 2.0533702 41.2987771, 2.0533906 41.2987358, 2.0534293 41.2986865, 2.0534498 41.2986389, 2.0534379 41.2985855, 2.0533756 41.2985143, 2.0534042 41.298503)",,,,,,
2383446338,7833168253,0,"[1227695468, 898111671]",cycleway,False,True,6.2922558911409165,"LINESTRING (2.0159453 41.303742, 2.0159751 41.3037282, 2.0160095 41.3037124)",,,,,,
2404835470,11382810695,0,"[1107267313, 839523532]",cycleway,False,False,191.4090523329983,"LINESTRING (2.0225296 41.313096, 2.0224564 41.3130781, 2.0213394 41.3145146)",1,,,,,
3088102802,3088102832,0,839426968,cycleway,False,False,215.85119297340677,"LINESTRING (2.0180366 41.3021043, 2.0179396 41.3021125, 2.0167708 41.303057, 2.0167027 41.3031081, 2.0166299 41.3031588, 2.0165655 41.3031922, 2.0163118 41.3033101, 2.0162342 41.3033468, 2.0161938 41.3034204)",,,,,,
3088102818,8346442454,0,"[839426971, 898113172, 898113171]",cycleway,False,"[False, True]",180.6436709085379,"LINESTRING (2.018522 41.3017102, 2.0184729 41.3016801, 2.0198437 41.3005411, 2.0198836 41.3005697)",,,,,,
3088102832,3088102802,0,839426968,cycleway,False,True,215.85119297340677,"LINESTRING (2.0161938 41.3034204, 2.0162342 41.3033468, 2.0163118 41.3033101, 2.0165655 41.3031922, 2.0166299 41.3031588, 2.0167027 41.3031081, 2.0167708 41.303057, 2.0179396 41.3021125, 2.0180366 41.3021043)",,,,,,
4353309813,7833220378,0,898113170,cycleway,False,True,3.2674324902547456,"LINESTRING (2.0252548 41.3045337, 2.0252798 41.3045111)",,,,,,
4569265245,7833220378,0,839429961,cycleway,False,False,641.6762325561047,"LINESTRING (2.0205931 41.2999469, 2.0207968 41.3000675, 2.0222823 41.3015214, 2.0236263 41.3028487, 2.0248117 41.3040205, 2.0252798 41.3045111)",,,,,,
5346948499,7838957479,0,"[804454808, 804453052, 804456910]",cycleway,False,False,776.1353073260973,"LINESTRING (2.0129692 41.3156926, 2.0128566 41.3156068, 2.0107545 41.3174086, 2.0105191 41.317512, 2.0104494 41.3175569, 2.0095899 41.3170211, 2.0093857 41.3169618, 2.0092841 41.3168838, 2.0089394 41.3171636, 2.008794 41.3172688, 2.0086716 41.3173901, 2.0083228 41.3177179, 2.0081001 41.3177574, 2.0081288 41.317907, 2.0077595 41.3184334, 2.0075591 41.3185299, 2.007532 41.3187717, 2.007234 41.319255, 2.0073514 41.3193039)",,,,,,
5552850365,7524556173,0,898160996,cycleway,False,True,7.676605430739397,"LINESTRING (2.0308465 41.3182152, 2.0307844 41.3181643)",,,,,,
5801467401,9036217405,0,"[1237949831, 918801374, 613019582, 1106666375]",cycleway,False,False,1070.6688556464876,"LINESTRING (2.0530835 41.2786684, 2.0532006 41.278759, 2.053254 41.2787983, 2.0533041 41.2788441, 2.053339 41.2788859, 2.0533793 41.2789334, 2.0534044 41.2789776, 2.0534251 41.2790145, 2.0534436 41.279062, 2.0534512 41.2791078, 2.0534599 41.2791578, 2.0534588 41.2792184, 2.0534469 41.2792937, 2.0534316 41.2793412, 2.0534109 41.2793936, 2.0533858 41.2794386, 2.0533477 41.2794845, 2.0533085 41.2795254, 2.0532475 41.2795828, 2.0531941 41.2796262, 2.0531472 41.2796589, 2.0530905 41.2797089, 2.0530317 41.2797506, 2.0529783 41.2797883, 2.0529206 41.2798366, 2.0528726 41.2798849, 2.0528454 41.2799087, 2.0528181 41.2799406, 2.0527735 41.2799856, 2.0527615 41.2800159, 2.0527364 41.2800495, 2.0527015 41.2800962, 2.0526917 41.2801306, 2.0526721 41.2801732, 2.0526569 41.2802149, 2.0526449 41.2802575, 2.052634 41.2802935, 2.0526351 41.2803459, 2.0526307 41.2803902, 2.0526253 41.2804368, 2.0526274 41.2804892, 2.0526242 41.2805367, 2.052634 41.2805982, 2.0526405 41.2806563, 2.0526405 41.2807226, 2.0526514 41.2807881, 2.0526699 41.2809994, 2.0526906 41.281137, 2.0527233 41.2813908, 2.0527549 41.2816717, 2.0527931 41.2820344, 2.0528214 41.2822252, 2.0528323 41.2823005, 2.0528683 41.2824119, 2.0529206 41.2825789, 2.0529859 41.2827656, 2.05306 41.2829892, 2.0531636 41.2833011, 2.0532867 41.2836573, 2.0533956 41.2839791, 2.0535839 41.2845027, 2.0537243 41.2849277, 2.0538227 41.2852308, 2.0539136 41.2854878, 2.0539439 41.285594, 2.0539808 41.2857183, 2.0540375 41.2859123, 2.0541388 41.2862316, 2.0543055 41.2867376, 2.0545213 41.2873697, 2.0545392 41.2874062, 2.054561 41.2874325, 2.0545932 41.2874571, 2.0546213 41.2874698, 2.054663 41.2874827, 2.0547035 41.2874934, 2.0547425 41.2875073, 2.0547858 41.2875271, 2.0548222 41.2875484, 2.0548555 41.2875703, 2.0548899 41.2875878, 2.0549277 41.2875995, 2.0549792 41.2876071, 2.0550291 41.2876093)",,,,yes,,
5801467401,11387988436,0,"[680290097, 1228047100]",cycleway,False,False,8.270048831990398,"LINESTRING (2.0530835 41.2786684, 2.0530741 41.2786754, 2.053057 41.2786882, 2.0530134 41.2787209)",,,,,,
5801467401,473593975,0,"[839432388, 1228047101]",cycleway,False,False,165.9469348427569,"LINESTRING (2.0530835 41.2786684, 2.0530953 41.2786596, 2.0531042 41.2786529, 2.0530865 41.2786342, 2.0530508 41.2785965, 2.0530186 41.278553, 2.0530049 41.2785296, 2.0529958 41.2785003, 2.0530068 41.2784058, 2.0530035 41.2783442, 2.0529757 41.2782757, 2.0529214 41.2781943, 2.0529018 41.2781397, 2.0529006 41.2780873, 2.0529318 41.2780267, 2.0531914 41.2776722, 2.0534194 41.2773672, 2.0534137 41.2773192)",,,,,,
6315715540,7833168253,0,"[1227695467, 1227695469]",cycleway,False,False,6.137625239728315,"LINESTRING (2.0160721 41.3036835, 2.0160411 41.3036978, 2.0160095 41.3037124)",,,,,,
6315715546,7833168263,0,"[1227695473, 1227695471]",cycleway,False,True,6.342815800944663,"LINESTRING (2.0177752 41.3051217, 2.017749 41.3051459, 2.0177272 41.3051659)",,,,,,
6315715552,7833168263,0,"[1227695472, 898111672]",cycleway,False,False,5.816151465402857,"LINESTRING (2.0176833 41.3052065, 2.0177045 41.3051869, 2.0177272 41.3051659)",,,,,,
6640642462,7524554142,0,"[1029860978, 804466941, 804466942]",cycleway,False,True,73.72578416237694,"LINESTRING (2.0220066 41.3176961, 2.0220445 41.317704, 2.0221048 41.317711, 2.0222239 41.3173135, 2.0223489 41.3172558, 2.022423 41.3172133)",,,,,,
7232459528,7833220370,0,"[680290112, 1227696142, 1227696143, 1107267316, 775212153, 680290111]",cycleway,False,"[False, True]",125.80840226802512,"LINESTRING (2.0263826 41.3083086, 2.0263688 41.3083314, 2.0263443 41.3083721, 2.0263413 41.3083769, 2.0263244 41.3084005, 2.0258119 41.3090056, 2.0257122 41.3091086, 2.0256845 41.3091372, 2.0257099 41.3091523, 2.0257291 41.3091636, 2.0257596 41.3091817, 2.0257911 41.3092003, 2.025841 41.3092299)",,,,yes,,
7232459528,7833220378,0,"[839429961, 939689282, 680290110, 680290111]",cycleway,False,True,516.5065875039958,"LINESTRING (2.0263826 41.3083086, 2.0264205 41.3082398, 2.026446 41.3081986, 2.026515 41.3082222, 2.0265384 41.3082243, 2.0265613 41.308223, 2.0265843 41.3082184, 2.0266051 41.3082115, 2.0266215 41.3082043, 2.026634 41.3081943, 2.0266655 41.3081576, 2.0267008 41.3081165, 2.027183 41.3075428, 2.0272326 41.3074803, 2.0272384 41.3074429, 2.0272322 41.3074074, 2.0272152 41.3073727, 2.0272115 41.3073345, 2.0272135 41.3072986, 2.0272687 41.3071706, 2.0272433 41.3071386, 2.0272908 41.3071175, 2.0273787 41.3070784, 2.027421 41.3070573, 2.027366 41.3069907, 2.0271466 41.306696, 2.0268801 41.3063391, 2.0266301 41.3060382, 2.0263578 41.3057098, 2.0261992 41.3055238, 2.0259137 41.3051951, 2.0257001 41.3049567, 2.0252798 41.3045111)",,,,,,
7232459528,9450394829,0,775212181,cycleway,False,False,757.0858666562891,"LINESTRING (2.0263826 41.3083086, 2.0263183 41.3082857, 2.025723 41.3080732, 2.0248819 41.3077854, 2.0243657 41.3076106, 2.0230312 41.3071586, 2.0226419 41.3070268, 2.0225682 41.3070018, 2.0212503 41.3065413, 2.0211373 41.3065018, 2.0204828 41.3062728, 2.0204556 41.3062633, 2.0200701 41.3061283, 2.0199658 41.3060918, 2.0190867 41.3057955, 2.018145 41.3054688)",2,,,,,
7524420478,7524420483,0,804454197,cycleway,False,True,85.01123891318414,"LINESTRING (2.0164607 41.3116605, 2.0163172 41.3117515, 2.0162928 41.3117753, 2.016328 41.3118255, 2.0163291 41.3118571, 2.0162978 41.3118891, 2.015943 41.3122706)",,,,,,
7524420478,10207212436,0,1115987201,cycleway,False,False,89.59645048081623,"LINESTRING (2.0164607 41.3116605, 2.0163728 41.311575, 2.0158063 41.3110338, 2.0157992 41.3110262)",2,Avinguda de la Generalitat,2,,,
7524420478,9781413839,0,"[1192906939, 1065108741]",cycleway,False,"[False, True]",33.02552097877475,"LINESTRING (2.0164607 41.3116605, 2.0165624 41.3117663, 2.0166403 41.3118121, 2.0167152 41.3118722, 2.0167231 41.3118801)",2,Avinguda de la Generalitat,2,,,
7524420481,7524420482,0,"[804454200, 804454201]",cycleway,False,"[False, True]",259.9342110085852,"LINESTRING (2.0155939 41.3126401, 2.0147839 41.3135568, 2.0148632 41.313565, 2.0149217 41.3135935, 2.0149796 41.3136268, 2.01558 41.3129411, 2.0157655 41.3127342)",,,,,,
7524420482,7524420481,0,"[804454200, 804454201]",cycleway,False,"[False, True]",259.9342110085852,"LINESTRING (2.0157655 41.3127342, 2.01558 41.3129411, 2.0149796 41.3136268, 2.0149217 41.3135935, 2.0148632 41.313565, 2.0147839 41.3135568, 2.0155939 41.3126401)",,,,,,
7524420483,7524420478,0,804454197,cycleway,False,False,85.01123891318416,"LINESTRING (2.015943 41.3122706, 2.0162978 41.3118891, 2.0163291 41.3118571, 2.016328 41.3118255, 2.0162928 41.3117753, 2.0163172 41.3117515, 2.0164607 41.3116605)",,,,,,
7524420484,9781413839,0,804454198,cycleway,False,True,79.66863214378515,"LINESTRING (2.0160984 41.3123724, 2.0164257 41.3120312, 2.0164826 41.3119719, 2.0165131 41.3119455, 2.0165728 41.3119429, 2.0165992 41.3119541, 2.0166745 41.3119203, 2.0167231 41.3118801)",,,,,,
7524458045,7833252105,0,804459233,cycleway,False,True,362.93827264021655,"LINESTRING (2.0253115 41.3128624, 2.0253251 41.3128486, 2.0278971 41.3102391)",,,2,,,
7524458045,7833252095,0,"[804459235, 804459237, 1227486558, 1227486559]",cycleway,False,True,214.04730642953265,"LINESTRING (2.0253115 41.3128624, 2.0252668 41.3128382, 2.0240319 41.3121271, 2.0235921 41.3118817, 2.0235818 41.3118695, 2.0235784 41.3118575, 2.0235795 41.3118516, 2.0235817 41.3118458, 2.0235868 41.3118393, 2.0236173 41.3118093, 2.0236288 41.3117976, 2.0235955 41.311778, 2.0235589 41.3117564, 2.0235317 41.3117412, 2.0234116 41.3116739)",,,,,,
7524458045,11383885233,0,1227609654,cycleway,False,False,7.836549594191964,"LINESTRING (2.0253115 41.3128624, 2.0253542 41.3128891, 2.0253836 41.3129075)",,,2,,,
7524554142,6640642462,0,"[1029860978, 804466941, 804466942]",cycleway,False,False,73.72578416237694,"LINESTRING (2.022423 41.3172133, 2.0223489 41.3172558, 2.0222239 41.3173135, 2.0221048 41.317711, 2.0220445 41.317704, 2.0220066 41.3176961)",,,,,,
7524554142,11333547172,0,"[1192906937, 1086991034]",cycleway,False,True,392.66344706593895,"LINESTRING (2.022423 41.3172133, 2.0227674 41.317551, 2.0231721 41.317898, 2.0232695 41.3179699, 2.023445 41.3180891, 2.0238269 41.3183891, 2.0238661 41.3184157, 2.0239046 41.3184365, 2.0240966 41.3185675, 2.0246232 41.318951, 2.0256872 41.3197259, 2.0257031 41.3197352)",2,Carretera de Barcelona,2,,,
7524554142,7524554155,0,1113306548,cycleway,False,True,19.591901845163648,"LINESTRING (2.022423 41.3172133, 2.0223949 41.3171808, 2.02234 41.3171172, 2.0223312 41.3170969, 2.0223404 41.3170572)",,Passeig de la Marina,,,,
7524554154,7524556141,0,"[804464496, 1113306546, 804464494]",cycleway,False,True,550.6100822715266,"LINESTRING (2.0252674 41.3145216, 2.0255292 41.3143702, 2.0263129 41.313932, 2.026341 41.3139257, 2.0264099 41.3139315, 2.0264643 41.3139371, 2.0264972 41.3139407, 2.0265298 41.3139539, 2.0270326 41.3144792, 2.0273648 41.3148287, 2.0273747 41.3148431, 2.0273727 41.3148641, 2.0273809 41.3148983, 2.0273943 41.3149341, 2.0274206 41.3149602, 2.0274471 41.3149803, 2.0274814 41.3149952, 2.0275203 41.315008, 2.0275349 41.3150106, 2.0275475 41.3150207, 2.0284834 41.3160136, 2.0287605 41.3162795, 2.0292966 41.3167484, 2.0292643 41.3168946, 2.0293165 41.3169341, 2.029403 41.3169994)",,Passeig de la Marina,,,,
7524554155,7524554142,0,1113306548,cycleway,False,False,19.591901845163648,"LINESTRING (2.0223404 41.3170572, 2.0223312 41.3170969, 2.02234 41.3171172, 2.0223949 41.3171808, 2.022423 41.3172133)",,Passeig de la Marina,,,,
7524554155,11397154241,0,"[1113306548, 1113306550, 1087040679]",cycleway,False,True,217.05618783619093,"LINESTRING (2.0223404 41.3170572, 2.0223414 41.3170204, 2.0223408 41.3170087, 2.0223328 41.3169832, 2.0223338 41.316968, 2.0222757 41.3169184, 2.0222547 41.3169064, 2.0222211 41.3168872, 2.0221915 41.316874, 2.0221554 41.3168643, 2.0221055 41.3168601, 2.0220805 41.3168608, 2.022036 41.3168426, 2.0217227 41.3165492, 2.0216139 41.3164333, 2.0211015 41.3159076, 2.0208138 41.3156243, 2.0207982 41.315606, 2.0207639 41.3155657)",2,"['Bicivia 7', 'Passeig de la Marina']",2,,,
7524554155,7524554161,0,"[804466943, 1113306551]",cycleway,False,True,358.5354194097425,"LINESTRING (2.0223404 41.3170572, 2.0224211 41.31701, 2.0226494 41.3168655, 2.0228763 41.3166997, 2.0229469 41.3166393, 2.0229831 41.3166114, 2.0235783 41.3161968, 2.0236674 41.316118, 2.0240089 41.3158501, 2.0241768 41.315727, 2.0242575 41.3156305, 2.0246703 41.3152565, 2.0247189 41.3151862, 2.0250433 41.3147643, 2.0251198 41.3146368)",,Passeig de la Marina,,,,
7524554161,7524554155,0,"[1113306551, 804466943]",cycleway,False,False,358.5354194097425,"LINESTRING (2.0251198 41.3146368, 2.0250433 41.3147643, 2.0247189 41.3151862, 2.0246703 41.3152565, 2.0242575 41.3156305, 2.0241768 41.315727, 2.0240089 41.3158501, 2.0236674 41.316118, 2.0235783 41.3161968, 2.0229831 41.3166114, 2.0229469 41.3166393, 2.0228763 41.3166997, 2.0226494 41.3168655, 2.0224211 41.31701, 2.0223404 41.3170572)",,Passeig de la Marina,,,,
7524556111,7524556173,0,804464495,cycleway,False,False,65.58808721689016,"LINESTRING (2.0302346 41.3185855, 2.0307844 41.3181643)",,,,,,
7524556111,8346947727,0,898160998,cycleway,False,False,7.668649168411063,"LINESTRING (2.0302346 41.3185855, 2.0303013 41.3186329)",,,,,,
7524556111,7524556117,0,804464495,cycleway,False,True,26.228373971427708,"LINESTRING (2.0302346 41.3185855, 2.0302059 41.3186068, 2.0301802 41.318618, 2.0301638 41.3186222, 2.0301354 41.3186249, 2.0301162 41.3186302, 2.0300879 41.3186523, 2.0300649 41.3186703, 2.0300567 41.31868, 2.0300554 41.3186879, 2.0300526 41.3187165, 2.0300491 41.3187241, 2.0300317 41.3187413)",,,,,,
7524556117,8346947733,0,898160993,cycleway,False,False,7.700746137699885,"LINESTRING (2.0300317 41.3187413, 2.0300948 41.3187918)",,,,,,
7524556117,7524556111,0,804464495,cycleway,False,False,26.228373971427708,"LINESTRING (2.0300317 41.3187413, 2.0300491 41.3187241, 2.0300526 41.3187165, 2.0300554 41.3186879, 2.0300567 41.31868, 2.0300649 41.3186703, 2.0300879 41.3186523, 2.0301162 41.3186302, 2.0301354 41.3186249, 2.0301638 41.3186222, 2.0301802 41.318618, 2.0302059 41.3186068, 2.0302346 41.3185855)",,,,,,
7524556117,8346945913,0,804464495,cycleway,False,True,188.32426924813433,"LINESTRING (2.0300317 41.3187413, 2.0293681 41.3192458, 2.0284491 41.3199478)",,,,,,
7524556141,7524554154,0,"[804464496, 1113306546, 804464494]",cycleway,False,False,550.6100822715267,"LINESTRING (2.029403 41.3169994, 2.0293165 41.3169341, 2.0292643 41.3168946, 2.0292966 41.3167484, 2.0287605 41.3162795, 2.0284834 41.3160136, 2.0275475 41.3150207, 2.0275349 41.3150106, 2.0275203 41.315008, 2.0274814 41.3149952, 2.0274471 41.3149803, 2.0274206 41.3149602, 2.0273943 41.3149341, 2.0273809 41.3148983, 2.0273727 41.3148641, 2.0273747 41.3148431, 2.0273648 41.3148287, 2.0270326 41.3144792, 2.0265298 41.3139539, 2.0264972 41.3139407, 2.0264643 41.3139371, 2.0264099 41.3139315, 2.026341 41.3139257, 2.0263129 41.313932, 2.0255292 41.3143702, 2.0252674 41.3145216)",,Passeig de la Marina,,,,
7524556141,11382810164,0,"[1222056735, 1222056734, 804464495]",cycleway,False,False,447.426673752156,"LINESTRING (2.029403 41.3169994, 2.0286107 41.3176449, 2.0285915 41.3176597, 2.0285766 41.3176705, 2.0285628 41.3176772, 2.0285436 41.3176852, 2.0285078 41.3176988, 2.0284771 41.317714, 2.0270122 41.3189338, 2.0269961 41.3189496, 2.0269863 41.3189711, 2.0269788 41.3189913, 2.0269713 41.3190122, 2.0269639 41.3190301, 2.026957 41.3190437, 2.0269425 41.3190552, 2.0269264 41.3190688, 2.0269062 41.3190835, 2.0268799 41.3191009, 2.0268377 41.3191225, 2.026813 41.3191396, 2.026508 41.3194169, 2.0261533 41.3197387, 2.0261074 41.3197826, 2.0260755 41.3198107, 2.0260643 41.3198267, 2.0260871 41.3199146, 2.0261104 41.3199603, 2.0261578 41.3199944, 2.0261967 41.3200228)",,,,,,
7524556141,7524556173,0,804464495,cycleway,False,True,186.82281349158774,"LINESTRING (2.029403 41.3169994, 2.0294402 41.316973, 2.0294708 41.316958, 2.0294991 41.3169563, 2.029515 41.3169581, 2.0295273 41.3169626, 2.029565 41.3169795, 2.0306893 41.3179118, 2.0307037 41.3179232, 2.0307439 41.3179884, 2.0307799 41.3180665, 2.0308103 41.3181182, 2.0308116 41.3181315, 2.0308066 41.3181457, 2.0307844 41.3181643)",,,,,,
7524556149,8346947724,0,898160995,cycleway,False,True,8.027931839639697,"LINESTRING (2.0281358 41.3201887, 2.0282045 41.3202392)",,,,,,
7524556149,7524556174,0,1222056734,cycleway,False,True,91.95891989945092,"LINESTRING (2.0281358 41.3201887, 2.0273639 41.3207785)",,,,,,
7524556149,8346945913,0,"[1222056734, 804464495]",cycleway,False,False,40.48747076624484,"LINESTRING (2.0281358 41.3201887, 2.0281795 41.3201565, 2.0281944 41.3201408, 2.0282001 41.3201279, 2.0282037 41.3201161, 2.0282052 41.3200832, 2.0282096 41.3200745, 2.0282426 41.3200492, 2.0282771 41.3200228, 2.0282849 41.3200209, 2.028347 41.32002, 2.0283593 41.3200146, 2.0283681 41.3200097, 2.0284491 41.3199478)",,,,,,
7524556173,7524556111,0,804464495,cycleway,False,True,65.58808721689016,"LINESTRING (2.0307844 41.3181643, 2.0302346 41.3185855)",,,,,,
7524556173,5552850365,0,898160996,cycleway,False,False,7.676605430739397,"LINESTRING (2.0307844 41.3181643, 2.0308465 41.3182152)",,,,,,
7524556173,7524556141,0,804464495,cycleway,False,False,186.82281349158777,"LINESTRING (2.0307844 41.3181643, 2.0308066 41.3181457, 2.0308116 41.3181315, 2.0308103 41.3181182, 2.0307799 41.3180665, 2.0307439 41.3179884, 2.0307037 41.3179232, 2.0306893 41.3179118, 2.029565 41.3169795, 2.0295273 41.3169626, 2.029515 41.3169581, 2.0294991 41.3169563, 2.0294708 41.316958, 2.0294402 41.316973, 2.029403 41.3169994)",,,,,,
7524556174,8346947730,0,898160999,cycleway,False,False,7.56030670570933,"LINESTRING (2.0273639 41.3207785, 2.027432 41.3208233)",,,,,,
7524556174,7524556149,0,1222056734,cycleway,False,False,91.95891989945092,"LINESTRING (2.0273639 41.3207785, 2.0281358 41.3201887)",,,,,,
7524556174,9959453008,0,1222056734,cycleway,False,True,18.923888687839064,"LINESTRING (2.0273639 41.3207785, 2.0273358 41.3207978, 2.0273222 41.3208067, 2.0273094 41.3208105, 2.0272984 41.3208114, 2.027287 41.3208113, 2.0272762 41.3208098, 2.0272648 41.3208043, 2.0271862 41.3207468)",,,,,,
7833168253,2383446338,0,"[1227695468, 898111671]",cycleway,False,False,6.2922558911409165,"LINESTRING (2.0160095 41.3037124, 2.0159751 41.3037282, 2.0159453 41.303742)",,,,,,
7833168253,7833168263,0,"[839426969, 1227695466, 1227695470]",cycleway,False,True,216.8896454953541,"LINESTRING (2.0160095 41.3037124, 2.016029 41.3037318, 2.0163595 41.3040606, 2.0165616 41.3042598, 2.0167092 41.3044034, 2.0168605 41.3045423, 2.0170241 41.3046778, 2.0171892 41.3048082, 2.017399 41.3049572, 2.0175209 41.3050385, 2.017689 41.3051423, 2.0177272 41.3051659)",,,,,,
7833168253,6315715540,0,"[1227695467, 1227695469]",cycleway,False,True,6.137625239728315,"LINESTRING (2.0160095 41.3037124, 2.0160411 41.3036978, 2.0160721 41.3036835)",,,,,,
7833168260,8346424656,0,839426967,cycleway,False,True,49.79400436204583,"LINESTRING (2.0165348 41.3030057, 2.0164784 41.3030396, 2.0164349 41.3030625, 2.0161081 41.303214, 2.0160271 41.3031907)",,,,,,
7833168263,6315715552,0,"[898111672, 1227695472]",cycleway,False,True,5.816151465402857,"LINESTRING (2.0177272 41.3051659, 2.0177045 41.3051869, 2.0176833 41.3052065)",,,,,,
7833168263,7833168253,0,"[839426969, 1227695466, 1227695470]",cycleway,False,False,216.88964549535413,"LINESTRING (2.0177272 41.3051659, 2.017689 41.3051423, 2.0175209 41.3050385, 2.017399 41.3049572, 2.0171892 41.3048082, 2.0170241 41.3046778, 2.0168605 41.3045423, 2.0167092 41.3044034, 2.0165616 41.3042598, 2.0163595 41.3040606, 2.016029 41.3037318, 2.0160095 41.3037124)",,,,,,
7833168263,6315715546,0,"[1227695473, 1227695471]",cycleway,False,False,6.342815800944663,"LINESTRING (2.0177272 41.3051659, 2.017749 41.3051459, 2.0177752 41.3051217)",,,,,,
7833220370,7833252105,0,"[1227696144, 839429962, 839429960, 1356407428]",cycleway,False,True,214.5743043572311,"LINESTRING (2.025841 41.3092299, 2.0258954 41.30926, 2.0259569 41.3092941, 2.0259852 41.3093098, 2.0260239 41.3093312, 2.0260356 41.309333, 2.0260467 41.3093312, 2.0261152 41.3092697, 2.0261409 41.3092665, 2.0261673 41.3092686, 2.0262361 41.309305, 2.0262724 41.3093242, 2.0269987 41.3097346, 2.0275488 41.3100433, 2.0278745 41.3102264, 2.0278971 41.3102391)",,,,,,
7833220370,7833252095,0,839429963,cycleway,False,False,339.17735030616694,"LINESTRING (2.025841 41.3092299, 2.0256262 41.3094305, 2.0256065 41.3094503, 2.0253862 41.3096711, 2.0248713 41.3101934, 2.0248142 41.3102513, 2.0242526 41.3108209, 2.0234357 41.3116495, 2.0234116 41.3116739)",,,,,,
7833220370,7232459528,0,"[680290112, 1227696142, 1227696143, 1107267316, 775212153, 680290111]",cycleway,False,"[False, True]",125.80840226802509,"LINESTRING (2.025841 41.3092299, 2.0257911 41.3092003, 2.0257596 41.3091817, 2.0257291 41.3091636, 2.0257099 41.3091523, 2.0256845 41.3091372, 2.0257122 41.3091086, 2.0258119 41.3090056, 2.0263244 41.3084005, 2.0263413 41.3083769, 2.0263443 41.3083721, 2.0263688 41.3083314, 2.0263826 41.3083086)",,,,yes,,
7833220378,4353309813,0,898113170,cycleway,False,False,3.2674324902547456,"LINESTRING (2.0252798 41.3045111, 2.0252548 41.3045337)",,,,,,
7833220378,7232459528,0,"[839429961, 939689282, 680290110, 680290111]",cycleway,False,False,516.5065875039958,"LINESTRING (2.0252798 41.3045111, 2.0257001 41.3049567, 2.0259137 41.3051951, 2.0261992 41.3055238, 2.0263578 41.3057098, 2.0266301 41.3060382, 2.0268801 41.3063391, 2.0271466 41.306696, 2.027366 41.3069907, 2.027421 41.3070573, 2.0273787 41.3070784, 2.0272908 41.3071175, 2.0272433 41.3071386, 2.0272687 41.3071706, 2.0272135 41.3072986, 2.0272115 41.3073345, 2.0272152 41.3073727, 2.0272322 41.3074074, 2.0272384 41.3074429, 2.0272326 41.3074803, 2.027183 41.3075428, 2.0267008 41.3081165, 2.0266655 41.3081576, 2.026634 41.3081943, 2.0266215 41.3082043, 2.0266051 41.3082115, 2.0265843 41.3082184, 2.0265613 41.308223, 2.0265384 41.3082243, 2.026515 41.3082222, 2.026446 41.3081986, 2.0264205 41.3082398, 2.0263826 41.3083086)",,,,,,
7833220378,4569265245,0,839429961,cycleway,False,True,641.6762325561047,"LINESTRING (2.0252798 41.3045111, 2.0248117 41.3040205, 2.0236263 41.3028487, 2.0222823 41.3015214, 2.0207968 41.3000675, 2.0205931 41.2999469)",,,,,,
7833252095,7524458045,0,"[804459235, 804459237, 1227486558, 1227486559]",cycleway,False,False,214.04730642953265,"LINESTRING (2.0234116 41.3116739, 2.0235317 41.3117412, 2.0235589 41.3117564, 2.0235955 41.311778, 2.0236288 41.3117976, 2.0236173 41.3118093, 2.0235868 41.3118393, 2.0235817 41.3118458, 2.0235795 41.3118516, 2.0235784 41.3118575, 2.0235818 41.3118695, 2.0235921 41.3118817, 2.0240319 41.3121271, 2.0252668 41.3128382, 2.0253115 41.3128624)",,,,,,
7833252095,7833220370,0,839429963,cycleway,False,True,339.177350306167,"LINESTRING (2.0234116 41.3116739, 2.0234357 41.3116495, 2.0242526 41.3108209, 2.0248142 41.3102513, 2.0248713 41.3101934, 2.0253862 41.3096711, 2.0256065 41.3094503, 2.0256262 41.3094305, 2.025841 41.3092299)",,,,,,
7833252095,11382671757,0,"[1227486560, 1227486561, 1107267315]",cycleway,False,True,16.818656855766115,"LINESTRING (2.0234116 41.3116739, 2.0233597 41.3116449, 2.0233227 41.3116253, 2.0232934 41.3116098, 2.0232432 41.3115919)",,,,,,
7833252105,7524458045,0,804459233,cycleway,False,False,362.93827264021655,"LINESTRING (2.0278971 41.3102391, 2.0253251 41.3128486, 2.0253115 41.3128624)",,,2,,,
7833252105,11383885233,0,"[1033852321, 804459234, 804459236, 1033855398, 1227696145, 1227609653]",cycleway,False,True,1020.4480161322963,"LINESTRING (2.0278971 41.3102391, 2.0279226 41.3102133, 2.0279772 41.3102449, 2.028175 41.3103592, 2.0284775 41.3105458, 2.028752 41.3107258, 2.0290434 41.3109414, 2.0293572 41.3111891, 2.0296437 41.3114381, 2.0298508 41.311637, 2.0308646 41.3126908, 2.0309833 41.3128134, 2.0309643 41.3129183, 2.0309439 41.3129376, 2.0308764 41.3129745, 2.0308682 41.3129789, 2.0277537 41.3146407, 2.0276981 41.3146704, 2.0276775 41.3146823, 2.0276682 41.3146873, 2.0276542 41.3146914, 2.0276412 41.3146915, 2.0276253 41.3146846, 2.0276047 41.3146707, 2.0268346 41.313862, 2.0267381 41.3137722, 2.0266739 41.3137022, 2.0266235 41.313664, 2.026584 41.3136416, 2.0265517 41.3136267, 2.0265026 41.3136105, 2.0264757 41.3135903, 2.0253836 41.3129075)",,,2,yes,,
7833252105,7833220370,0,"[839429960, 1227696144, 839429962, 1356407428]",cycleway,False,False,214.57430435723109,"LINESTRING (2.0278971 41.3102391, 2.0278745 41.3102264, 2.0275488 41.3100433, 2.0269987 41.3097346, 2.0262724 41.3093242, 2.0262361 41.309305, 2.0261673 41.3092686, 2.0261409 41.3092665, 2.0261152 41.3092697, 2.0260467 41.3093312, 2.0260356 41.309333, 2.0260239 41.3093312, 2.0259852 41.3093098, 2.0259569 41.3092941, 2.0258954 41.30926, 2.025841 41.3092299)",,,,,,
7833889427,7833889442,0,839507779,path,False,True,38.81055808639883,"LINESTRING (1.9954034 41.3122972, 1.9953826 41.3123003, 1.99519 41.3123292, 1.9951655 41.3123412, 1.9951378 41.312369, 1.9950967 41.3124124, 1.9950826 41.3124334, 1.995079 41.3124554, 1.9950899 41.3124842)",,,,,,
7833889439,8426609761,0,"[839507778, 839507774]",cycleway,False,False,411.53072811151856,"LINESTRING (2.0015296 41.3143531, 2.0018321 41.3141943, 2.0020991 41.3140197, 2.002222 41.3139306, 2.0037169 41.3127391, 2.0036304 41.3126813, 2.0034976 41.3125168, 2.0025197 41.3118167, 2.0025019 41.3117193)",,,,,,
7833896061,2142861651,0,204276837,cycleway,False,True,434.8142482692111,"LINESTRING (2.0221284 41.3208113, 2.0216343 41.321187, 2.0211759 41.3215369, 2.0202842 41.3222176, 2.0195193 41.322799, 2.0185175 41.3235567, 2.0184692 41.3235932)",,Avinguda de la Torre-roja,9,,,
7833964862,1094360207,0,"[839518946, 839518947, 804454199]","['path', 'cycleway']",False,"[False, True]",555.9014372134957,"LINESTRING (2.0111332 41.3117437, 2.0120191 41.3122987, 2.0126664 41.3127042, 2.0126862 41.3127281, 2.0127037 41.3127642, 2.0127152 41.3128179, 2.0127122 41.3128696, 2.0126783 41.3129212, 2.0126536 41.3129489, 2.0127279 41.3129906, 2.0128104 41.3130379, 2.0128987 41.3129556, 2.0129173 41.3129445, 2.0129709 41.3129417, 2.0130161 41.3129535, 2.0144048 41.3137337, 2.0144982 41.3137861, 2.0145211 41.3138176, 2.0145208 41.3138506, 2.0144566 41.3139444, 2.0135805 41.314949, 2.0137231 41.31501)",2,,,,,
7834011317,11383885233,0,"[898160997, 804468968, 1227609648, 1227609649, 1227609650, 1227609651]",cycleway,False,False,300.5185007014611,"LINESTRING (2.023227 41.3150372, 2.0245439 41.3136955, 2.0250986 41.3131199, 2.0252058 41.3131109, 2.0252303 41.3130874, 2.0252532 41.3130655, 2.0252865 41.3130183, 2.0253192 41.312972, 2.025337 41.3129541, 2.0253662 41.3129249, 2.0253836 41.3129075)",,,2,,,
7834011317,245491934,0,804468968,cycleway,False,True,129.94753937688182,"LINESTRING (2.023227 41.3150372, 2.0231378 41.3151336, 2.0224167 41.3158673, 2.022247 41.3159235)",,,,,,
7834011317,8346945915,0,839522528,cycleway,True,False,92.95002283535229,"LINESTRING (2.023227 41.3150372, 2.0233592 41.3151226, 2.0235092 41.3151784, 2.0235677 41.3152089, 2.0236313 41.3152624, 2.0237472 41.3153378, 2.0238806 41.3154354, 2.0239777 41.3154933, 2.0241096 41.3155306)",,,,,,
7834021704,10207212437,0,"[154103188, 1054298149, 1054298148]",cycleway,False,"[False, True]",836.9742353332916,"LINESTRING (2.0084891 41.306505, 2.0098366 41.3065716, 2.0103452 41.306601, 2.0110897 41.3066335, 2.0111447 41.3066226, 2.0111569 41.3066488, 2.011263 41.3067559, 2.0113313 41.3067923, 2.0113999 41.3068074, 2.0114788 41.3068214, 2.0115329 41.3068295, 2.0115727 41.3068551, 2.0125144 41.3077768, 2.0125826 41.3078313, 2.01258 41.3079482, 2.0125792 41.3079867, 2.0125784 41.3080224, 2.0126412 41.308136, 2.0127658 41.3082295, 2.012889 41.3082674, 2.012982 41.3083098, 2.0130563 41.3083365, 2.013096 41.3083584, 2.0131278 41.3083736, 2.0131669 41.3084045, 2.0132273 41.308472, 2.0140784 41.3093174, 2.0141673 41.3094057, 2.0142766 41.3095142, 2.0155823 41.3108102, 2.0156301 41.3108571)",2,Avinguda de la Generalitat,2,,,
7834021704,1567770481,0,154103188,cycleway,False,True,294.7624519866248,"LINESTRING (2.0084891 41.306505, 2.0083201 41.3064966, 2.0078389 41.3065166, 2.0074741 41.3066496, 2.0067215 41.3071612, 2.0063674 41.3074594, 2.0062242 41.3075966, 2.0059023 41.3080036, 2.0058461 41.3079825)",,,,,,
7834021704,1693797759,0,804452579,cycleway,False,True,374.716248872382,"LINESTRING (2.0084891 41.306505, 2.00869 41.3066605, 2.0103666 41.3079841, 2.0114005 41.3088372, 2.0114772 41.3089998)",1,,,,,
7838957479,5346948499,0,"[804454808, 804453052, 804456910]",cycleway,False,True,776.1353073260973,"LINESTRING (2.0073514 41.3193039, 2.007234 41.319255, 2.007532 41.3187717, 2.0075591 41.3185299, 2.0077595 41.3184334, 2.0081288 41.317907, 2.0081001 41.3177574, 2.0083228 41.3177179, 2.0086716 41.3173901, 2.008794 41.3172688, 2.0089394 41.3171636, 2.0092841 41.3168838, 2.0093857 41.3169618, 2.0095899 41.3170211, 2.0104494 41.3175569, 2.0105191 41.317512, 2.0107545 41.3174086, 2.0128566 41.3156068, 2.0129692 41.3156926)",,,,,,
8346424656,7833168260,0,839426967,cycleway,False,False,49.794004362045825,"LINESTRING (2.0160271 41.3031907, 2.0161081 41.303214, 2.0164349 41.3030625, 2.0164784 41.3030396, 2.0165348 41.3030057)",,,,,,
8346442454,3088102818,0,"[898113172, 898113171, 839426971]",cycleway,False,"[False, True]",180.6436709085379,"LINESTRING (2.0198836 41.3005697, 2.0198437 41.3005411, 2.0184729 41.3016801, 2.018522 41.3017102)",,,,,,
8346945907,8346945913,0,898160994,cycleway,False,True,8.123652797511344,"LINESTRING (2.0285152 41.3200014, 2.0284491 41.3199478)",,,,,,
8346945913,8346945907,0,898160994,cycleway,False,False,8.123652797511344,"LINESTRING (2.0284491 41.3199478, 2.0285152 41.3200014)",,,,,,
8346945913,7524556117,0,804464495,cycleway,False,False,188.32426924813433,"LINESTRING (2.0284491 41.3199478, 2.0293681 41.3192458, 2.0300317 41.3187413)",,,,,,
8346945913,7524556149,0,"[1222056734, 804464495]",cycleway,False,True,40.48747076624483,"LINESTRING (2.0284491 41.3199478, 2.0283681 41.3200097, 2.0283593 41.3200146, 2.028347 41.32002, 2.0282849 41.3200209, 2.0282771 41.3200228, 2.0282426 41.3200492, 2.0282096 41.3200745, 2.0282052 41.3200832, 2.0282037 41.3201161, 2.0282001 41.3201279, 2.0281944 41.3201408, 2.0281795 41.3201565, 2.0281358 41.3201887)",,,,,,
8346947724,7524556149,0,898160995,cycleway,False,False,8.027931839639697,"LINESTRING (2.0282045 41.3202392, 2.0281358 41.3201887)",,,,,,
8346947727,7524556111,0,898160998,cycleway,False,True,7.668649168411063,"LINESTRING (2.0303013 41.3186329, 2.0302346 41.3185855)",,,,,,
8346947730,7524556174,0,898160999,cycleway,False,True,7.56030670570933,"LINESTRING (2.027432 41.3208233, 2.0273639 41.3207785)",,,,,,
8346947733,7524556117,0,898160993,cycleway,False,True,7.700746137699885,"LINESTRING (2.0300948 41.3187918, 2.0300317 41.3187413)",,,,,,
8426609761,7833889439,0,"[839507778, 839507774]",cycleway,False,True,411.53072811151844,"LINESTRING (2.0025019 41.3117193, 2.0025197 41.3118167, 2.0034976 41.3125168, 2.0036304 41.3126813, 2.0037169 41.3127391, 2.002222 41.3139306, 2.0020991 41.3140197, 2.0018321 41.3141943, 2.0015296 41.3143531)",,,,,,
8711080818,9493716910,0,1054296942,cycleway,False,False,250.41640016861314,"LINESTRING (2.0129858 41.3217186, 2.013077 41.3217115, 2.0131534 41.3217085, 2.0135736 41.3217199, 2.0140573 41.3217659, 2.0142987 41.3217971, 2.0146286 41.3218585, 2.0147728 41.3218862, 2.0148566 41.3219099, 2.0149441 41.3219608, 2.0150647 41.3219923, 2.0151567 41.3220209, 2.0153118 41.3220753, 2.0154928 41.3221586, 2.0157276 41.3222806, 2.0157125 41.322349)",2,Avinguda del Molí,,,,
9036217380,2209582615,0,"[210931272, 273924482, 273924499, 934269774]",cycleway,False,"[False, True]",1151.942513561881,"LINESTRING (2.0557064 41.2909805, 2.0560857 41.2908982, 2.0563926 41.2908501, 2.0566537 41.2908354, 2.056877 41.2908383, 2.057099 41.2908599, 2.0573014 41.2908923, 2.0574881 41.2909354, 2.0576069 41.2909845, 2.0577075 41.2910493, 2.057808 41.291115, 2.0578901 41.2912071, 2.0579643 41.291266, 2.0580511 41.2913243, 2.0581324 41.2913646, 2.0581933 41.2913847, 2.058269 41.2914041, 2.0583429 41.2914187, 2.0584398 41.2914187, 2.0585285 41.2914069, 2.0586014 41.2913895, 2.0586993 41.2913555, 2.0590384 41.2911799, 2.0595573 41.2909218, 2.0595781 41.2909121, 2.0598196 41.2907997, 2.0599907 41.290734, 2.060071 41.2906944, 2.060132 41.2906493, 2.0601966 41.2906056, 2.0602695 41.2905543, 2.0606556 41.2903432, 2.0608827 41.2902211, 2.0610422 41.2901409, 2.0611619 41.2900808, 2.0614888 41.2899101, 2.0615538 41.2898645, 2.0615928 41.2898331, 2.0616404 41.2897886, 2.0616881 41.2897571, 2.0618181 41.289692, 2.0631528 41.2890071, 2.0642738 41.2883971, 2.0646075 41.2882549, 2.0662961 41.2874386, 2.067321 41.2869301, 2.0673321 41.286927, 2.0673444 41.2869268, 2.0673556 41.2869291, 2.0673651 41.2869339)",,,,yes,,
9036217380,9036217404,0,"[1031692352, 1031692353, 918801373]",cycleway,False,True,412.8162865017921,"LINESTRING (2.0557064 41.2909805, 2.0556687 41.2909773, 2.0555986 41.2909877, 2.0555224 41.2909812, 2.0554432 41.2909597, 2.0553594 41.2909183, 2.0553015 41.2908841, 2.0552707 41.2908523, 2.0552497 41.2908151, 2.0552339 41.2907663, 2.0552376 41.2907397, 2.0552442 41.2906923, 2.0552805 41.2905624, 2.0553192 41.2903771, 2.0552809 41.2903748, 2.0552988 41.2902177, 2.0553061 41.2899141, 2.0552861 41.2897681, 2.0552537 41.2896225, 2.0551441 41.2892301, 2.0550094 41.2888339, 2.0547626 41.2880648, 2.0547556 41.288043, 2.0547559 41.2880216, 2.0547574 41.2879838, 2.054769 41.2879425, 2.0547895 41.2879125, 2.0548105 41.2878913, 2.0548371 41.287867, 2.0548623 41.2878397, 2.054884 41.2878113, 2.0549009 41.2877869, 2.0549186 41.2877606, 2.0549474 41.2877313, 2.0549864 41.2877063, 2.0550532 41.2876835)",,,,yes,,
9036217380,2238416890,0,"[210931266, 1106666374, 1111647378, 1111647379, 1111647380, 1111647381, 1111647382, 1111647383]",cycleway,False,True,1003.4325940409783,"LINESTRING (2.0557064 41.2909805, 2.055717 41.2910123, 2.0557289 41.2910464, 2.0557499 41.2911067, 2.0557624 41.2911424, 2.0557664 41.291154, 2.0557683 41.2911593, 2.0557097 41.2911717, 2.0556871 41.2911787, 2.0556598 41.2911905, 2.0556372 41.2912044, 2.0556243 41.2912148, 2.0556063 41.2912321, 2.0555929 41.2912501, 2.0555841 41.2912716, 2.0555703 41.2913219, 2.0555583 41.2913577, 2.0555412 41.2913896, 2.0555259 41.2914135, 2.0555218 41.2914298, 2.0555232 41.2914486, 2.0555282 41.291459, 2.0555412 41.2914766, 2.0555231 41.2914852, 2.0555017 41.2914954, 2.0554919 41.2915009, 2.0553789 41.2915637, 2.0553676 41.2915775, 2.0553371 41.291614, 2.0553191 41.2916088, 2.055297 41.2916053, 2.0552771 41.2916043, 2.0552549 41.2916064, 2.0552365 41.2916102, 2.0551834 41.2916216, 2.0551478 41.2916282, 2.0551192 41.291632, 2.0550897 41.2916334, 2.0550472 41.2916352, 2.055019 41.2916383, 2.0549996 41.2916421, 2.0549816 41.291649, 2.0549641 41.2916601, 2.0548353 41.2917597, 2.0548168 41.2917468, 2.0547704 41.2917144, 2.0547334 41.2916908, 2.0547264 41.2916863, 2.0546604 41.2916377, 2.0543815 41.2918569, 2.0539032 41.2922301, 2.0536115 41.2924674, 2.053375 41.2926935, 2.0531129 41.2929669, 2.0529319 41.2931972, 2.0527472 41.2934622, 2.0526217 41.2936606, 2.0524906 41.2939214, 2.0524242 41.2940606, 2.052326 41.2943322, 2.0523124 41.2943742, 2.0522724 41.294501, 2.0522397 41.2946206, 2.0522159 41.2946653, 2.0521326 41.2950598, 2.0521237 41.2952208, 2.0521414 41.2956065, 2.0521609 41.2957875, 2.0522293 41.2961977, 2.0523379 41.2965878, 2.0524703 41.2969108, 2.0526447 41.297244, 2.0527381 41.2974205, 2.0529509 41.2977078, 2.0533302 41.2981772, 2.0535476 41.2984343)",,,,,,
9036217404,9036217380,0,"[1031692352, 1031692353, 918801373]",cycleway,False,False,412.8162865017921,"LINESTRING (2.0550532 41.2876835, 2.0549864 41.2877063, 2.0549474 41.2877313, 2.0549186 41.2877606, 2.0549009 41.2877869, 2.054884 41.2878113, 2.0548623 41.2878397, 2.0548371 41.287867, 2.0548105 41.2878913, 2.0547895 41.2879125, 2.054769 41.2879425, 2.0547574 41.2879838, 2.0547559 41.2880216, 2.0547556 41.288043, 2.0547626 41.2880648, 2.0550094 41.2888339, 2.0551441 41.2892301, 2.0552537 41.2896225, 2.0552861 41.2897681, 2.0553061 41.2899141, 2.0552988 41.2902177, 2.0552809 41.2903748, 2.0553192 41.2903771, 2.0552805 41.2905624, 2.0552442 41.2906923, 2.0552376 41.2907397, 2.0552339 41.2907663, 2.0552497 41.2908151, 2.0552707 41.2908523, 2.0553015 41.2908841, 2.0553594 41.2909183, 2.0554432 41.2909597, 2.0555224 41.2909812, 2.0555986 41.2909877, 2.0556687 41.2909773, 2.0557064 41.2909805)",,,,yes,,
9036217405,5801467401,0,"[1106666375, 613019582, 918801374, 1237949831]",cycleway,False,True,1070.6688556464871,"LINESTRING (2.0550291 41.2876093, 2.0549792 41.2876071, 2.0549277 41.2875995, 2.0548899 41.2875878, 2.0548555 41.2875703, 2.0548222 41.2875484, 2.0547858 41.2875271, 2.0547425 41.2875073, 2.0547035 41.2874934, 2.054663 41.2874827, 2.0546213 41.2874698, 2.0545932 41.2874571, 2.054561 41.2874325, 2.0545392 41.2874062, 2.0545213 41.2873697, 2.0543055 41.2867376, 2.0541388 41.2862316, 2.0540375 41.2859123, 2.0539808 41.2857183, 2.0539439 41.285594, 2.0539136 41.2854878, 2.0538227 41.2852308, 2.0537243 41.2849277, 2.0535839 41.2845027, 2.0533956 41.2839791, 2.0532867 41.2836573, 2.0531636 41.2833011, 2.05306 41.2829892, 2.0529859 41.2827656, 2.0529206 41.2825789, 2.0528683 41.2824119, 2.0528323 41.2823005, 2.0528214 41.2822252, 2.0527931 41.2820344, 2.0527549 41.2816717, 2.0527233 41.2813908, 2.0526906 41.281137, 2.0526699 41.2809994, 2.0526514 41.2807881, 2.0526405 41.2807226, 2.0526405 41.2806563, 2.052634 41.2805982, 2.0526242 41.2805367, 2.0526274 41.2804892, 2.0526253 41.2804368, 2.0526307 41.2803902, 2.0526351 41.2803459, 2.052634 41.2802935, 2.0526449 41.2802575, 2.0526569 41.2802149, 2.0526721 41.2801732, 2.0526917 41.2801306, 2.0527015 41.2800962, 2.0527364 41.2800495, 2.0527615 41.2800159, 2.0527735 41.2799856, 2.0528181 41.2799406, 2.0528454 41.2799087, 2.0528726 41.2798849, 2.0529206 41.2798366, 2.0529783 41.2797883, 2.0530317 41.2797506, 2.0530905 41.2797089, 2.0531472 41.2796589, 2.0531941 41.2796262, 2.0532475 41.2795828, 2.0533085 41.2795254, 2.0533477 41.2794845, 2.0533858 41.2794386, 2.0534109 41.2793936, 2.0534316 41.2793412, 2.0534469 41.2792937, 2.0534588 41.2792184, 2.0534599 41.2791578, 2.0534512 41.2791078, 2.0534436 41.279062, 2.0534251 41.2790145, 2.0534044 41.2789776, 2.0533793 41.2789334, 2.053339 41.2788859, 2.0533041 41.2788441, 2.053254 41.2787983, 2.0532006 41.278759, 2.0530835 41.2786684)",,,,yes,,
9450394829,7232459528,0,775212181,cycleway,False,True,757.0858666562892,"LINESTRING (2.018145 41.3054688, 2.0190867 41.3057955, 2.0199658 41.3060918, 2.0200701 41.3061283, 2.0204556 41.3062633, 2.0204828 41.3062728, 2.0211373 41.3065018, 2.0212503 41.3065413, 2.0225682 41.3070018, 2.0226419 41.3070268, 2.0230312 41.3071586, 2.0243657 41.3076106, 2.0248819 41.3077854, 2.025723 41.3080732, 2.0263183 41.3082857, 2.0263826 41.3083086)",2,,,,,
9493716910,8711080818,0,1054296942,cycleway,False,True,250.4164001686131,"LINESTRING (2.0157125 41.322349, 2.0157276 41.3222806, 2.0154928 41.3221586, 2.0153118 41.3220753, 2.0151567 41.3220209, 2.0150647 41.3219923, 2.0149441 41.3219608, 2.0148566 41.3219099, 2.0147728 41.3218862, 2.0146286 41.3218585, 2.0142987 41.3217971, 2.0140573 41.3217659, 2.0135736 41.3217199, 2.0131534 41.3217085, 2.013077 41.3217115, 2.0129858 41.3217186)",2,Avinguda del Molí,,,,
9781413839,7524420484,0,804454198,cycleway,False,False,79.66863214378515,"LINESTRING (2.0167231 41.3118801, 2.0166745 41.3119203, 2.0165992 41.3119541, 2.0165728 41.3119429, 2.0165131 41.3119455, 2.0164826 41.3119719, 2.0164257 41.3120312, 2.0160984 41.3123724)",,,,,,
9781413839,7524420478,0,"[1192906939, 1065108741]",cycleway,False,"[False, True]",33.02552097877475,"LINESTRING (2.0167231 41.3118801, 2.0167152 41.3118722, 2.0166403 41.3118121, 2.0165624 41.3117663, 2.0164607 41.3116605)",2,Avinguda de la Generalitat,2,,,
9781413839,10207247324,0,"[1227494715, 1065108741, 1115991583]",cycleway,False,"[False, True]",297.65644712127187,"LINESTRING (2.0167231 41.3118801, 2.0167664 41.3119233, 2.0168146 41.3120115, 2.0173863 41.3125849, 2.0182107 41.3133865, 2.0182885 41.3134409, 2.0183767 41.3135307, 2.0184027 41.313562, 2.0184327 41.3135865, 2.0186862 41.3138323, 2.0187456 41.3138556, 2.0187936 41.3139057, 2.0188131 41.3139195, 2.0188372 41.3139221, 2.0188636 41.313917, 2.0188731 41.3139116, 2.0189217 41.313884)",2,Avinguda de la Generalitat,2,,,
9959380161,10207683468,0,1086986059,cycleway,False,True,5.2933699840206225,"LINESTRING (2.0299459 41.3231885, 2.0300071 41.3232009)",2,Carretera de Santa Creu de Calafell,2,,,
9959380161,10185494298,0,1086987474,cycleway,False,True,240.95730714619793,"LINESTRING (2.0299459 41.3231885, 2.0299666 41.3231749, 2.0299896 41.3231606, 2.030038 41.3231185, 2.030107 41.3230734, 2.0301552 41.3230156, 2.03023 41.3229308, 2.03026 41.3228152, 2.0302822 41.3227138, 2.0302645 41.3225979, 2.03023 41.3224988, 2.030179 41.3224176, 2.0300921 41.322346, 2.0300301 41.3222969, 2.029966 41.3222498, 2.029793 41.3221487, 2.0295381 41.3221127, 2.0292757 41.3221299, 2.029071 41.3222033, 2.0289823 41.3222535, 2.0289258 41.3222917, 2.0288558 41.3223457, 2.0288084 41.3223947, 2.0287778 41.3224548)",2,Plaça del Tanatori,2,,,
9959380161,11382926124,0,1237939020,cycleway,False,False,127.46338686908771,"LINESTRING (2.0299459 41.3231885, 2.0298845 41.3232114, 2.0297731 41.3232061, 2.0295512 41.3232429, 2.0293155 41.3232347, 2.0292825 41.3232251, 2.0292634 41.3232195, 2.0292348 41.3232112, 2.0290955 41.3231707, 2.0289577 41.3230756, 2.0289087 41.3230831, 2.0288645 41.3230723, 2.0288084 41.3229947, 2.0287667 41.3229226, 2.0287229 41.3228218)",2,Plaça del Tanatori,2,,,
9959453007,11333547175,0,1086991031,cycleway,False,False,115.77338994919667,"LINESTRING (2.0269092 41.3209517, 2.0268808 41.3209309, 2.0266511 41.3207627, 2.0259504 41.3202531, 2.0259142 41.3202267)",2,Carretera de Barcelona,2,,,
9959453007,10185494298,0,"[1334525279, 1086991031]",cycleway,False,True,231.46732363818205,"LINESTRING (2.0269092 41.3209517, 2.0273888 41.3213027, 2.027487 41.3213746, 2.027525 41.3214029, 2.0276593 41.321503, 2.0279335 41.3217074, 2.0279559 41.3217873, 2.0279779 41.3218661, 2.0282567 41.3220713, 2.0287778 41.3224548)",2,Carretera de Barcelona,2,,,
9959453007,9959453008,0,"[1227492768, 1227492769, 1227492770, 1086991033, 1227492767]",cycleway,False,False,32.468597797288574,"LINESTRING (2.0269092 41.3209517, 2.0269723 41.320905, 2.0270186 41.3208708, 2.0270699 41.3208328, 2.027119 41.3207965, 2.0271322 41.3207867, 2.0271646 41.3207627, 2.0271862 41.3207468)",,,,,,
9959453008,7524556174,0,1222056734,cycleway,False,False,18.923888687839064,"LINESTRING (2.0271862 41.3207468, 2.0272648 41.3208043, 2.0272762 41.3208098, 2.027287 41.3208113, 2.0272984 41.3208114, 2.0273094 41.3208105, 2.0273222 41.3208067, 2.0273358 41.3207978, 2.0273639 41.3207785)",,,,,,
9959453008,11382810164,0,1222056734,cycleway,False,True,115.3666162057181,"LINESTRING (2.0271862 41.3207468, 2.0271536 41.320723, 2.0262338 41.32005, 2.0261967 41.3200228)",,,,,,
9959453008,9959453007,0,"[1227492768, 1227492769, 1227492770, 1086991033, 1227492767]",cycleway,False,True,32.468597797288574,"LINESTRING (2.0271862 41.3207468, 2.0271646 41.3207627, 2.0271322 41.3207867, 2.027119 41.3207965, 2.0270699 41.3208328, 2.0270186 41.3208708, 2.0269723 41.320905, 2.0269092 41.3209517)",,,,,,
10170339148,10170339151,0,214264194,cycleway,False,True,6.502609486594752,"LINESTRING (2.0534237 41.2984951, 2.0534581 41.298478, 2.0534885 41.2984627)",,,,,,
10170339151,10170339148,0,214264194,cycleway,False,False,6.502609486594752,"LINESTRING (2.0534885 41.2984627, 2.0534581 41.298478, 2.0534237 41.2984951)",,,,,,
10185494298,9959380161,0,1086987474,cycleway,False,False,240.9573071461979,"LINESTRING (2.0287778 41.3224548, 2.0288084 41.3223947, 2.0288558 41.3223457, 2.0289258 41.3222917, 2.0289823 41.3222535, 2.029071 41.3222033, 2.0292757 41.3221299, 2.0295381 41.3221127, 2.029793 41.3221487, 2.029966 41.3222498, 2.0300301 41.3222969, 2.0300921 41.322346, 2.030179 41.3224176, 2.03023 41.3224988, 2.0302645 41.3225979, 2.0302822 41.3227138, 2.03026 41.3228152, 2.03023 41.3229308, 2.0301552 41.3230156, 2.030107 41.3230734, 2.030038 41.3231185, 2.0299896 41.3231606, 2.0299666 41.3231749, 2.0299459 41.3231885)",2,Plaça del Tanatori,2,,,
10185494298,11382926124,0,1237939020,cycleway,False,True,41.67009108112704,"LINESTRING (2.0287778 41.3224548, 2.028744 41.3225215, 2.0287192 41.3226126, 2.0287064 41.3227241, 2.0287229 41.3228218)",2,Plaça del Tanatori,2,,,
10185494298,9959453007,0,"[1086991031, 1334525279]",cycleway,False,False,231.46732363818202,"LINESTRING (2.0287778 41.3224548, 2.0282567 41.3220713, 2.0279779 41.3218661, 2.0279559 41.3217873, 2.0279335 41.3217074, 2.0276593 41.321503, 2.027525 41.3214029, 2.027487 41.3213746, 2.0273888 41.3213027, 2.0269092 41.3209517)",2,Carretera de Barcelona,2,,,
10207212436,7524420478,0,1115987201,cycleway,False,True,89.59645048081623,"LINESTRING (2.0157992 41.3110262, 2.0158063 41.3110338, 2.0163728 41.311575, 2.0164607 41.3116605)",2,Avinguda de la Generalitat,2,,,
10207212436,10207212437,0,1115987202,cycleway,True,False,24.66682166542268,"LINESTRING (2.0157992 41.3110262, 2.0157534 41.3110052, 2.0156962 41.3109475, 2.015623 41.3108745, 2.0156301 41.3108571)",1,,,,,
10207212437,7834021704,0,"[154103188, 1054298148, 1054298149]",cycleway,False,"[False, True]",836.9742353332916,"LINESTRING (2.0156301 41.3108571, 2.0155823 41.3108102, 2.0142766 41.3095142, 2.0141673 41.3094057, 2.0140784 41.3093174, 2.0132273 41.308472, 2.0131669 41.3084045, 2.0131278 41.3083736, 2.013096 41.3083584, 2.0130563 41.3083365, 2.012982 41.3083098, 2.012889 41.3082674, 2.0127658 41.3082295, 2.0126412 41.308136, 2.0125784 41.3080224, 2.0125792 41.3079867, 2.01258 41.3079482, 2.0125826 41.3078313, 2.0125144 41.3077768, 2.0115727 41.3068551, 2.0115329 41.3068295, 2.0114788 41.3068214, 2.0113999 41.3068074, 2.0113313 41.3067923, 2.011263 41.3067559, 2.0111569 41.3066488, 2.0111447 41.3066226, 2.0110897 41.3066335, 2.0103452 41.306601, 2.0098366 41.3065716, 2.0084891 41.306505)",2,Avinguda de la Generalitat,2,,,
10207212437,10207212436,0,1115987203,cycleway,True,False,23.520151735165285,"LINESTRING (2.0156301 41.3108571, 2.0157085 41.3109325, 2.0157992 41.3110262)",1,,,,,
10207247324,9781413839,0,"[1227494715, 1065108741, 1115991583]",cycleway,False,"[False, True]",297.65644712127187,"LINESTRING (2.0189217 41.313884, 2.0188731 41.3139116, 2.0188636 41.313917, 2.0188372 41.3139221, 2.0188131 41.3139195, 2.0187936 41.3139057, 2.0187456 41.3138556, 2.0186862 41.3138323, 2.0184327 41.3135865, 2.0184027 41.313562, 2.0183767 41.3135307, 2.0182885 41.3134409, 2.0182107 41.3133865, 2.0173863 41.3125849, 2.0168146 41.3120115, 2.0167664 41.3119233, 2.0167231 41.3118801)",2,Avinguda de la Generalitat,2,,,
10207683468,9959380161,0,1086986059,cycleway,False,False,5.2933699840206225,"LINESTRING (2.0300071 41.3232009, 2.0299459 41.3231885)",2,Carretera de Santa Creu de Calafell,2,,,
10210008628,11397154236,0,1228972040,cycleway,True,False,13.64226424561689,"LINESTRING (2.0205033 41.3154685, 2.0205508 41.3154743, 2.02058 41.3154863, 2.0206075 41.3154846, 2.0206253 41.315478, 2.0206469 41.3154578)",,Avinguda de la Generalitat,,,,
10922264953,11394244978,0,"[1228659168, 706682145, 1228659169, 1228659172, 1175404634, 804471847, 1175404635, 1228659155, 1228659159, 1228659160, 1175404633, 1228659162, 1228659163, 1228659165, 1228659166, 1228659167]",cycleway,False,"[False, True]",1179.856276020384,"LINESTRING (2.0217844 41.3180097, 2.0215495 41.318342, 2.0215386 41.3183539, 2.021465 41.3184442, 2.0213879 41.3185432, 2.021281 41.3186565, 2.0211491 41.3187854, 2.0210602 41.3188532, 2.0210299 41.3188943, 2.0208722 41.3190339, 2.0207427 41.3191497, 2.0206281 41.3192534, 2.0204808 41.3193682, 2.0204551 41.3193749, 2.0203224 41.3194734, 2.0202985 41.3194947, 2.020277 41.3195136, 2.0202539 41.3195339, 2.0202148 41.3195613, 2.0201623 41.3196024, 2.0198414 41.319853, 2.0196236 41.3200116, 2.019148 41.3203578, 2.0190669 41.3204034, 2.0190087 41.3204211, 2.0188733 41.3204523, 2.0186974 41.3204727, 2.0183456 41.320814, 2.0183274 41.3208322, 2.0183035 41.3208561, 2.0182411 41.3209111, 2.0176305 41.3214239, 2.0175857 41.3214592, 2.0168565 41.322038, 2.0167621 41.3221199, 2.0166402 41.3222395, 2.0165108 41.3223951, 2.0163872 41.3225426, 2.0163382 41.3226032, 2.0163058 41.3226434, 2.0162665 41.3226915, 2.0159518 41.3230772, 2.015253 41.3239257, 2.0152352 41.3239473, 2.0152166 41.3239698, 2.0151081 41.3241008, 2.0148574 41.3244011, 2.0147521 41.3245397, 2.0146906 41.3246093, 2.0139796 41.3251167, 2.013972 41.3251337, 2.013978 41.3251514, 2.0140999 41.3252696, 2.0141061 41.3253147, 2.0141061 41.3253491, 2.0140981 41.3253801, 2.0140342 41.3254789, 2.0140278 41.3254863, 2.0140204 41.3254957, 2.0139949 41.325527, 2.0139776 41.3255493, 2.0139526 41.3255817, 2.0139387 41.3255997, 2.0139268 41.3256147, 2.013919 41.3256251, 2.0135753 41.3254648, 2.0133944 41.3253814, 2.0131302 41.3252416)",,,,yes,,
11333547171,11382810161,0,1227492155,cycleway,True,False,3.4406339661066814,"LINESTRING (2.0254448 41.3199246, 2.0254743 41.319903)",1,Carretera de Barcelona,1,,,
11333547172,11333547173,0,1227492153,cycleway,False,True,5.19920167622375,"LINESTRING (2.0257031 41.3197352, 2.0256586 41.3197679)",,Carretera de Barcelona,,,,
11333547172,7524554142,0,"[1192906937, 1086991034]",cycleway,False,False,392.663447065939,"LINESTRING (2.0257031 41.3197352, 2.0256872 41.3197259, 2.0246232 41.318951, 2.0240966 41.3185675, 2.0239046 41.3184365, 2.0238661 41.3184157, 2.0238269 41.3183891, 2.023445 41.3180891, 2.0232695 41.3179699, 2.0231721 41.317898, 2.0227674 41.317551, 2.022423 41.3172133)",2,Carretera de Barcelona,2,,,
11333547172,211321253,0,"[1227492152, 1222056728]",cycleway,True,False,39.98835604109132,"LINESTRING (2.0257031 41.3197352, 2.0257518 41.3197638, 2.0257645 41.3197712, 2.0258516 41.3197839, 2.0259092 41.3197923, 2.0259228 41.3197993, 2.0259846 41.3198313, 2.0260245 41.3198785, 2.0260186 41.3199441)","['2', '1']",Carretera de Barcelona,"['2', '1']",,,
11333547173,11333547172,0,1227492153,cycleway,False,False,5.19920167622375,"LINESTRING (2.0256586 41.3197679, 2.0257031 41.3197352)",,Carretera de Barcelona,,,,
11333547175,9959453007,0,1086991031,cycleway,False,True,115.77338994919667,"LINESTRING (2.0259142 41.3202267, 2.0259504 41.3202531, 2.0266511 41.3207627, 2.0268808 41.3209309, 2.0269092 41.3209517)",2,Carretera de Barcelona,2,,,
11333547175,4558538598,0,"[1222056729, 1227492156]",cycleway,True,False,40.91492544201957,"LINESTRING (2.0259142 41.3202267, 2.0258317 41.3201667, 2.0258191 41.3201467, 2.0257562 41.3201361, 2.0257273 41.3201312, 2.0256997 41.3201167, 2.0256722 41.3201022, 2.0256186 41.3200484, 2.0256073 41.3200211, 2.0256037 41.3200123, 2.0256199 41.3199812)","['2', '1']",Carretera de Barcelona,"['2', '1']",,,
11333547175,11382810164,0,"[1227492160, 1227492165, 1222056732, 1227492157, 1227492158, 1227492159]",cycleway,False,True,32.72648097759989,"LINESTRING (2.0259142 41.3202267, 2.025988 41.3201744, 2.0260528 41.3201285, 2.0260933 41.3200998, 2.0261396 41.320067, 2.0261603 41.3200513, 2.0261827 41.3200342, 2.0261967 41.3200228)",,Carretera de Barcelona,1,,,
11382671757,7833252095,0,"[1227486560, 1227486561, 1107267315]",cycleway,False,False,16.818656855766115,"LINESTRING (2.0232432 41.3115919, 2.0232934 41.3116098, 2.0233227 41.3116253, 2.0233597 41.3116449, 2.0234116 41.3116739)",,,,,,
11382810160,11382810161,0,1227492154,cycleway,False,True,7.811638244533642,"LINESTRING (2.0255412 41.3198539, 2.0254743 41.319903)",,Carretera de Barcelona,,,,
11382810160,11333547173,0,1222056730,cycleway,True,False,13.695623434857684,"LINESTRING (2.0255412 41.3198539, 2.0255921 41.3198166, 2.0256367 41.3197839, 2.0256586 41.3197679)",1,Carretera de Barcelona,1,,,
11382810161,11382810160,0,1227492154,cycleway,False,False,7.811638244533642,"LINESTRING (2.0254743 41.319903, 2.0255412 41.3198539)",,Carretera de Barcelona,,,,
11382810164,9959453008,0,1222056734,cycleway,False,False,115.3666162057181,"LINESTRING (2.0261967 41.3200228, 2.0262338 41.32005, 2.0271536 41.320723, 2.0271862 41.3207468)",,,,,,
11382810164,7524556141,0,"[804464495, 1222056734, 1222056735]",cycleway,False,True,447.4266737521559,"LINESTRING (2.0261967 41.3200228, 2.0261578 41.3199944, 2.0261104 41.3199603, 2.0260871 41.3199146, 2.0260643 41.3198267, 2.0260755 41.3198107, 2.0261074 41.3197826, 2.0261533 41.3197387, 2.026508 41.3194169, 2.026813 41.3191396, 2.0268377 41.3191225, 2.0268799 41.3191009, 2.0269062 41.3190835, 2.0269264 41.3190688, 2.0269425 41.3190552, 2.026957 41.3190437, 2.0269639 41.3190301, 2.0269713 41.3190122, 2.0269788 41.3189913, 2.0269863 41.3189711, 2.0269961 41.3189496, 2.0270122 41.3189338, 2.0284771 41.317714, 2.0285078 41.3176988, 2.0285436 41.3176852, 2.0285628 41.3176772, 2.0285766 41.3176705, 2.0285915 41.3176597, 2.0286107 41.3176449, 2.029403 41.3169994)",,,,,,
11382810164,11333547175,0,"[1227492160, 1227492165, 1222056732, 1227492157, 1227492158, 1227492159]",cycleway,False,False,32.72648097759989,"LINESTRING (2.0261967 41.3200228, 2.0261827 41.3200342, 2.0261603 41.3200513, 2.0261396 41.320067, 2.0260933 41.3200998, 2.0260528 41.3201285, 2.025988 41.3201744, 2.0259142 41.3202267)",,Carretera de Barcelona,1,,,
11382810695,2404835470,0,"[1107267313, 839523532]",cycleway,False,True,191.4090523329983,"LINESTRING (2.0213394 41.3145146, 2.0224564 41.3130781, 2.0225296 41.313096)",1,,,,,
11382926110,11382926124,0,1227498305,cycleway,False,False,300.87990647502227,"LINESTRING (2.0253767 41.3236443, 2.0254348 41.3236369, 2.0254722 41.3236171, 2.0255059 41.3235775, 2.0255517 41.3235267, 2.0256596 41.3234837, 2.025744 41.3234741, 2.0258302 41.3234864, 2.0259061 41.3235115, 2.0259787 41.3235101, 2.0262862 41.3234647, 2.0267681 41.3233861, 2.0268351 41.3233707, 2.027531 41.3231785, 2.02796 41.3230432, 2.0284004 41.322923, 2.0286037 41.3228734, 2.0287229 41.3228218)",,,,,,
11382926110,11394306861,0,"[1227498305, 1227498306, 1227498307, 1227498303]",cycleway,False,True,493.37843195536686,"LINESTRING (2.0253767 41.3236443, 2.025381 41.3236922, 2.0253973 41.3237421, 2.0254456 41.3237425, 2.0254889 41.3237658, 2.0255347 41.3237959, 2.0255576 41.3238262, 2.0255177 41.32416, 2.0254712 41.3242874, 2.0254054 41.3244442, 2.0252862 41.3244638, 2.0249194 41.3249349, 2.0243996 41.3255427, 2.0243286 41.3255942, 2.0242846 41.3256154, 2.0241937 41.3256394, 2.0241308 41.325639, 2.0241107 41.3256528, 2.0241063 41.3256734, 2.0240789 41.3257342, 2.0240588 41.3258249, 2.0240509 41.3258726, 2.0240612 41.3258933, 2.023929 41.3258775, 2.0233899 41.3258367, 2.0228364 41.3258103, 2.0224028 41.3258029, 2.0218183 41.3258195)",,,,,,
11382926110,12346156721,0,1231742959,cycleway,False,True,107.41293822577163,"LINESTRING (2.0253767 41.3236443, 2.0241941 41.3236517, 2.0240908 41.3236454)",,,,,,
11382926124,11382926110,0,1227498305,cycleway,False,True,300.8799064750222,"LINESTRING (2.0287229 41.3228218, 2.0286037 41.3228734, 2.0284004 41.322923, 2.02796 41.3230432, 2.027531 41.3231785, 2.0268351 41.3233707, 2.0267681 41.3233861, 2.0262862 41.3234647, 2.0259787 41.3235101, 2.0259061 41.3235115, 2.0258302 41.3234864, 2.025744 41.3234741, 2.0256596 41.3234837, 2.0255517 41.3235267, 2.0255059 41.3235775, 2.0254722 41.3236171, 2.0254348 41.3236369, 2.0253767 41.3236443)",,,,,,
11382926124,10185494298,0,1237939020,cycleway,False,False,41.67009108112704,"LINESTRING (2.0287229 41.3228218, 2.0287064 41.3227241, 2.0287192 41.3226126, 2.028744 41.3225215, 2.0287778 41.3224548)",2,Plaça del Tanatori,2,,,
11382926124,9959380161,0,1237939020,cycleway,False,True,127.46338686908773,"LINESTRING (2.0287229 41.3228218, 2.0287667 41.3229226, 2.0288084 41.3229947, 2.0288645 41.3230723, 2.0289087 41.3230831, 2.0289577 41.3230756, 2.0290955 41.3231707, 2.0292348 41.3232112, 2.0292634 41.3232195, 2.0292825 41.3232251, 2.0293155 41.3232347, 2.0295512 41.3232429, 2.0297731 41.3232061, 2.0298845 41.3232114, 2.0299459 41.3231885)",2,Plaça del Tanatori,2,,,
11383885233,7834011317,0,"[898160997, 804468968, 1227609648, 1227609649, 1227609650, 1227609651]",cycleway,False,True,300.5185007014611,"LINESTRING (2.0253836 41.3129075, 2.0253662 41.3129249, 2.025337 41.3129541, 2.0253192 41.312972, 2.0252865 41.3130183, 2.0252532 41.3130655, 2.0252303 41.3130874, 2.0252058 41.3131109, 2.0250986 41.3131199, 2.0245439 41.3136955, 2.023227 41.3150372)",,,2,,,
11383885233,7833252105,0,"[1033852321, 804459234, 804459236, 1033855398, 1227696145, 1227609653]",cycleway,False,False,1020.4480161322962,"LINESTRING (2.0253836 41.3129075, 2.0264757 41.3135903, 2.0265026 41.3136105, 2.0265517 41.3136267, 2.026584 41.3136416, 2.0266235 41.313664, 2.0266739 41.3137022, 2.0267381 41.3137722, 2.0268346 41.313862, 2.0276047 41.3146707, 2.0276253 41.3146846, 2.0276412 41.3146915, 2.0276542 41.3146914, 2.0276682 41.3146873, 2.0276775 41.3146823, 2.0276981 41.3146704, 2.0277537 41.3146407, 2.0308682 41.3129789, 2.0308764 41.3129745, 2.0309439 41.3129376, 2.0309643 41.3129183, 2.0309833 41.3128134, 2.0308646 41.3126908, 2.0298508 41.311637, 2.0296437 41.3114381, 2.0293572 41.3111891, 2.0290434 41.3109414, 2.028752 41.3107258, 2.0284775 41.3105458, 2.028175 41.3103592, 2.0279772 41.3102449, 2.0279226 41.3102133, 2.0278971 41.3102391)",,,2,yes,,
11383885233,7524458045,0,1227609654,cycleway,False,True,7.836549594191964,"LINESTRING (2.0253836 41.3129075, 2.0253542 41.3128891, 2.0253115 41.3128624)",,,2,,,
11387988436,5801467401,0,"[680290097, 1228047100]",cycleway,False,True,8.270048831990398,"LINESTRING (2.0530134 41.2787209, 2.053057 41.2786882, 2.0530741 41.2786754, 2.0530835 41.2786684)",,,,,,
11394244978,10922264953,0,"[1228659168, 1228659169, 706682145, 1228659172, 804471847, 1228659162, 1228659155, 1228659163, 1228659159, 1228659160, 1175404633, 1175404634, 1175404635, 1228659165, 1228659166, 1228659167]",cycleway,False,"[False, True]",1179.8562760203847,"LINESTRING (2.0131302 41.3252416, 2.0133944 41.3253814, 2.0135753 41.3254648, 2.013919 41.3256251, 2.0139268 41.3256147, 2.0139387 41.3255997, 2.0139526 41.3255817, 2.0139776 41.3255493, 2.0139949 41.325527, 2.0140204 41.3254957, 2.0140278 41.3254863, 2.0140342 41.3254789, 2.0140981 41.3253801, 2.0141061 41.3253491, 2.0141061 41.3253147, 2.0140999 41.3252696, 2.013978 41.3251514, 2.013972 41.3251337, 2.0139796 41.3251167, 2.0146906 41.3246093, 2.0147521 41.3245397, 2.0148574 41.3244011, 2.0151081 41.3241008, 2.0152166 41.3239698, 2.0152352 41.3239473, 2.015253 41.3239257, 2.0159518 41.3230772, 2.0162665 41.3226915, 2.0163058 41.3226434, 2.0163382 41.3226032, 2.0163872 41.3225426, 2.0165108 41.3223951, 2.0166402 41.3222395, 2.0167621 41.3221199, 2.0168565 41.322038, 2.0175857 41.3214592, 2.0176305 41.3214239, 2.0182411 41.3209111, 2.0183035 41.3208561, 2.0183274 41.3208322, 2.0183456 41.320814, 2.0186974 41.3204727, 2.0188733 41.3204523, 2.0190087 41.3204211, 2.0190669 41.3204034, 2.019148 41.3203578, 2.0196236 41.3200116, 2.0198414 41.319853, 2.0201623 41.3196024, 2.0202148 41.3195613, 2.0202539 41.3195339, 2.020277 41.3195136, 2.0202985 41.3194947, 2.0203224 41.3194734, 2.0204551 41.3193749, 2.0204808 41.3193682, 2.0206281 41.3192534, 2.0207427 41.3191497, 2.0208722 41.3190339, 2.0210299 41.3188943, 2.0210602 41.3188532, 2.0211491 41.3187854, 2.021281 41.3186565, 2.0213879 41.3185432, 2.021465 41.3184442, 2.0215386 41.3183539, 2.0215495 41.318342, 2.0217844 41.3180097)",,,,yes,,
11394306811,11423398708,0,"[1228665835, 1228665836, 1228665837, 1228665838, 1228665839]",cycleway,False,False,266.43898235091984,"LINESTRING (2.0161871 41.3260798, 2.016179 41.3261112, 2.0161743 41.3261454, 2.0161731 41.326171, 2.0161779 41.326214, 2.0162251 41.3262175, 2.0166026 41.3262559, 2.0167621 41.3262727, 2.0169357 41.3262763, 2.0172909 41.3262973, 2.0177067 41.3263156, 2.018212 41.3262958, 2.018654 41.326254, 2.0191612 41.3261569)",,,,,,
11394306861,11382926110,0,"[1227498305, 1227498306, 1227498307, 1227498303]",cycleway,False,False,493.37843195536675,"LINESTRING (2.0218183 41.3258195, 2.0224028 41.3258029, 2.0228364 41.3258103, 2.0233899 41.3258367, 2.023929 41.3258775, 2.0240612 41.3258933, 2.0240509 41.3258726, 2.0240588 41.3258249, 2.0240789 41.3257342, 2.0241063 41.3256734, 2.0241107 41.3256528, 2.0241308 41.325639, 2.0241937 41.3256394, 2.0242846 41.3256154, 2.0243286 41.3255942, 2.0243996 41.3255427, 2.0249194 41.3249349, 2.0252862 41.3244638, 2.0254054 41.3244442, 2.0254712 41.3242874, 2.0255177 41.32416, 2.0255576 41.3238262, 2.0255347 41.3237959, 2.0254889 41.3237658, 2.0254456 41.3237425, 2.0253973 41.3237421, 2.025381 41.3236922, 2.0253767 41.3236443)",,,,,,
11394306861,11423398708,0,"[1228665842, 1228665835, 1227498303]",cycleway,False,True,231.1283456260684,"LINESTRING (2.0218183 41.3258195, 2.0218106 41.3258197, 2.0217616 41.3258292, 2.02169 41.3258764, 2.0216126 41.3259136, 2.0215429 41.3259199, 2.0214367 41.3258982, 2.0213864 41.3258648, 2.0213184 41.3258535, 2.0212487 41.3258498, 2.0208396 41.325868, 2.02046 41.3259143, 2.0203867 41.3259233, 2.0198662 41.3259957, 2.0197863 41.3260094, 2.0194776 41.3260895, 2.0191896 41.3261515, 2.0191612 41.3261569)",,,,yes,,
11394306861,11423394472,0,1228665845,cycleway,False,False,279.353265929031,"LINESTRING (2.0218183 41.3258195, 2.0218179 41.3257514, 2.0218151 41.325655, 2.0218144 41.3256192, 2.021781 41.3256175, 2.0217452 41.3256138, 2.0217015 41.3255968, 2.0216696 41.32557, 2.0216527 41.3255179, 2.0216753 41.3254322, 2.0217788 41.3249803, 2.0218984 41.3245689, 2.0219627 41.3243599, 2.0220328 41.3241609, 2.0221945 41.3237176, 2.0223347 41.3234515)",,,,,,
11397154236,11397154241,0,"[1228972041, 1228972044]",cycleway,False,False,15.506990132479036,"LINESTRING (2.0206469 41.3154578, 2.0206823 41.3154883, 2.0207375 41.315535, 2.0207639 41.3155657)",,Avinguda de la Generalitat,,,,
11397154241,7524554155,0,"[1113306548, 1113306550, 1087040679]",cycleway,False,False,217.05618783619093,"LINESTRING (2.0207639 41.3155657, 2.0207982 41.315606, 2.0208138 41.3156243, 2.0211015 41.3159076, 2.0216139 41.3164333, 2.0217227 41.3165492, 2.022036 41.3168426, 2.0220805 41.3168608, 2.0221055 41.3168601, 2.0221554 41.3168643, 2.0221915 41.316874, 2.0222211 41.3168872, 2.0222547 41.3169064, 2.0222757 41.3169184, 2.0223338 41.316968, 2.0223328 41.3169832, 2.0223408 41.3170087, 2.0223414 41.3170204, 2.0223404 41.3170572)",2,"['Bicivia 7', 'Passeig de la Marina']",2,,,
11397154241,11397154244,0,"[1228972043, 1228972045]",cycleway,False,False,13.951475545220536,"LINESTRING (2.0207639 41.3155657, 2.0207342 41.3155823, 2.0207192 41.3155877, 2.0206685 41.315606, 2.0206178 41.3156258)",,Avinguda de la Generalitat,,,,
11397154241,11397154236,0,"[1228972041, 1228972044]",cycleway,False,True,15.506990132479036,"LINESTRING (2.0207639 41.3155657, 2.0207375 41.315535, 2.0206823 41.3154883, 2.0206469 41.3154578)",,Avinguda de la Generalitat,,,,
11397154244,11397154250,0,1228972047,cycleway,False,False,1.7410841656206337,"LINESTRING (2.0206178 41.3156258, 2.0205995 41.3156333)",,,,,,
11397154244,11397154248,0,1228972042,cycleway,True,False,12.445407053245724,"LINESTRING (2.0206178 41.3156258, 2.0205811 41.3155957, 2.0205651 41.3155797, 2.0205711 41.3155288)",,Avinguda de la Generalitat,,,,
11397154244,11397154241,0,"[1228972043, 1228972045]",cycleway,False,True,13.951475545220534,"LINESTRING (2.0206178 41.3156258, 2.0206685 41.315606, 2.0207192 41.3155877, 2.0207342 41.3155823, 2.0207639 41.3155657)",,Avinguda de la Generalitat,,,,
11397154250,11397154244,0,1228972047,cycleway,False,True,1.7410841656206337,"LINESTRING (2.0205995 41.3156333, 2.0206178 41.3156258)",,,,,,
11423339066,11423394472,0,1228665845,cycleway,False,True,189.2089625802686,"LINESTRING (2.0235331 41.3220169, 2.0230455 41.322472, 2.0228717 41.3226768, 2.0223648 41.3233802, 2.0223347 41.3234515)",,,,,,
11423339067,11423394472,0,1231742959,cycleway,False,False,11.250137597506166,"LINESTRING (2.0222023 41.3234328, 2.0223347 41.3234515)",,,,,,
11423394472,11423339067,0,1231742959,cycleway,False,True,11.250137597506166,"LINESTRING (2.0223347 41.3234515, 2.0222023 41.3234328)",,,,,,
11423394472,11423339066,0,1228665845,cycleway,False,False,189.20896258026863,"LINESTRING (2.0223347 41.3234515, 2.0223648 41.3233802, 2.0228717 41.3226768, 2.0230455 41.322472, 2.0235331 41.3220169)",,,,,,
11423394472,11394306861,0,1228665845,cycleway,False,True,279.3532659290309,"LINESTRING (2.0223347 41.3234515, 2.0221945 41.3237176, 2.0220328 41.3241609, 2.0219627 41.3243599, 2.0218984 41.3245689, 2.0217788 41.3249803, 2.0216753 41.3254322, 2.0216527 41.3255179, 2.0216696 41.32557, 2.0217015 41.3255968, 2.0217452 41.3256138, 2.021781 41.3256175, 2.0218144 41.3256192, 2.0218151 41.325655, 2.0218179 41.3257514, 2.0218183 41.3258195)",,,,,,
11423394472,12346156723,0,1231742959,cycleway,False,False,83.22750014859014,"LINESTRING (2.0223347 41.3234515, 2.0226395 41.3234948, 2.0233132 41.3235937)",,,,,,
11423398708,11394306861,0,"[1228665842, 1228665835, 1227498303]",cycleway,False,False,231.12834562606838,"LINESTRING (2.0191612 41.3261569, 2.0191896 41.3261515, 2.0194776 41.3260895, 2.0197863 41.3260094, 2.0198662 41.3259957, 2.0203867 41.3259233, 2.02046 41.3259143, 2.0208396 41.325868, 2.0212487 41.3258498, 2.0213184 41.3258535, 2.0213864 41.3258648, 2.0214367 41.3258982, 2.0215429 41.3259199, 2.0216126 41.3259136, 2.02169 41.3258764, 2.0217616 41.3258292, 2.0218106 41.3258197, 2.0218183 41.3258195)",,,,yes,,
11423398708,11394306811,0,"[1228665835, 1228665836, 1228665837, 1228665838, 1228665839]",cycleway,False,True,266.4389823509199,"LINESTRING (2.0191612 41.3261569, 2.018654 41.326254, 2.018212 41.3262958, 2.0177067 41.3263156, 2.0172909 41.3262973, 2.0169357 41.3262763, 2.0167621 41.3262727, 2.0166026 41.3262559, 2.0162251 41.3262175, 2.0161779 41.326214, 2.0161731 41.326171, 2.0161743 41.3261454, 2.016179 41.3261112, 2.0161871 41.3260798)",,,,,,
11423398708,11423398709,0,1231744098,cycleway,False,False,22.156147360499183,"LINESTRING (2.0191612 41.3261569, 2.0191382 41.3260917, 2.0191058 41.326, 2.0190932 41.3259643)",,,,,,
11423398709,11423398708,0,1231744098,cycleway,False,True,22.156147360499183,"LINESTRING (2.0190932 41.3259643, 2.0191058 41.326, 2.0191382 41.3260917, 2.0191612 41.3261569)",,,,,,
12346156721,12346156722,0,1334525277,cycleway,False,False,9.916631251255788,"LINESTRING (2.0240908 41.3236454, 2.0240857 41.3237345)",,,,,,
12346156721,11382926110,0,1231742959,cycleway,False,False,107.41293822577163,"LINESTRING (2.0240908 41.3236454, 2.0241941 41.3236517, 2.0253767 41.3236443)",,,,,,
12346156721,12346156723,0,1231742959,cycleway,False,True,65.21219811889621,"LINESTRING (2.0240908 41.3236454, 2.0233601 41.3236006, 2.0233132 41.3235937)",,,,,,
12346156722,12346156721,0,1334525277,cycleway,False,True,9.916631251255788,"LINESTRING (2.0240857 41.3237345, 2.0240908 41.3236454)",,,,,,
12346156723,12346156724,0,1334525278,cycleway,False,False,9.445543044959217,"LINESTRING (2.0233132 41.3235937, 2.0232939 41.3236774)",,,,,,
12346156723,12346156721,0,1231742959,cycleway,False,False,65.21219811889621,"LINESTRING (2.0233132 41.3235937, 2.0233601 41.3236006, 2.0240908 41.3236454)",,,,,,
12346156723,11423394472,0,1231742959,cycleway,False,True,83.22750014859014,"LINESTRING (2.0233132 41.3235937, 2.0226395 41.3234948, 2.0223347 41.3234515)",,,,,,
12346156724,12346156723,0,1334525278,cycleway,False,True,9.445543044959217,"LINESTRING (2.0232939 41.3236774, 2.0233132 41.3235937)",,,,,,
1131731004,1134264293,0,98021462,residential,True,False,140.56718332169922,"LINESTRING (2.0203526 41.3170088, 2.0204273 41.316841, 2.0205961 41.3164605, 2.0206052 41.3164347, 2.0207197 41.3161809, 2.0208123 41.3159681, 2.0208817 41.3158088)",1,Carrer de l'Antiga Riera,,,yes,20
7833889442,7833889427,0,839507779,path,False,False,38.81055808639882,"LINESTRING (1.9950899 41.3124842, 1.995079 41.3124554, 1.9950826 41.3124334, 1.9950967 41.3124124, 1.9951378 41.312369, 1.9951655 41.3123412, 1.99519 41.3123292, 1.9953826 41.3123003, 1.9954034 41.3122972)",,,,,,
7833980749,8346896749,0,839519649,path,False,False,386.3311363889591,"LINESTRING (2.0088552 41.3107318, 2.0087904 41.3106835, 2.0087212 41.3106316, 2.0087262 41.3106066, 2.0086192 41.3104507, 2.0084938 41.3103729, 2.0078876 41.3099966, 2.007589 41.309743, 2.0075555 41.3097811, 2.0058349 41.3087186, 2.005475 41.3084787)",,,,,,
8346896749,7833980749,0,839519649,path,False,True,386.3311363889592,"LINESTRING (2.005475 41.3084787, 2.0058349 41.3087186, 2.0075555 41.3097811, 2.007589 41.309743, 2.0078876 41.3099966, 2.0084938 41.3103729, 2.0086192 41.3104507, 2.0087262 41.3106066, 2.0087212 41.3106316, 2.0087904 41.3106835, 2.0088552 41.3107318)",,,,,,
