osmid,y,x,street_count,highway,ref,geometry
211321253,41.3199441,2.0260186,3,,,POINT (2.0260186 41.3199441)
245491934,41.3159235,2.022247,3,,,POINT (2.022247 41.3159235)
473593975,41.2773192,2.0534137,1,,,POINT (2.0534137 41.2773192)
1094360207,41.31501,2.0137231,3,crossing,,POINT (2.0137231 41.31501)
1096529627,41.317512,2.0105191,2,crossing,,POINT (2.0105191 41.317512)
1104961847,41.313565,2.0148632,2,crossing,,POINT (2.0148632 41.313565)
1104961858,41.3135935,2.0149217,2,crossing,,POINT (2.0149217 41.3135935)
1119033368,41.3129411,2.01558,3,,,POINT (2.01558 41.3129411)
1564373943,41.3067923,2.0113313,2,,,POINT (2.0113313 41.3067923)
1567770481,41.3079825,2.0058461,2,,,POINT (2.0058461 41.3079825)
1666976869,41.3064966,2.0083201,2,,,POINT (2.0083201 41.3064966)
1693128073,41.315727,2.0241768,2,,,POINT (2.0241768 41.315727)
1693797759,41.3089998,2.0114772,3,,,POINT (2.0114772 41.3089998)
1763262439,41.3197839,2.0258516,2,,,POINT (2.0258516 41.3197839)
2142861651,41.3235932,2.0184692,2,,,POINT (2.0184692 41.3235932)
2187128539,41.3239473,2.0152352,2,crossing,,POINT (2.0152352 41.3239473)
2209582615,41.2869339,2.0673651,2,,,POINT (2.0673651 41.2869339)
2216977292,41.2917144,2.0547704,2,crossing,,POINT (2.0547704 41.2917144)
2238416890,41.2984343,2.0535476,1,,,POINT (2.0535476 41.2984343)
2238416891,41.298478,2.0534581,2,crossing,,POINT (2.0534581 41.298478)
2238416892,41.298503,2.0534042,1,,,POINT (2.0534042 41.298503)
2238416898,41.2988527,2.0533457,2,,,POINT (2.0533457 41.2988527)
2383446338,41.303742,2.0159453,2,crossing,,POINT (2.0159453 41.303742)
2404835470,41.313096,2.0225296,3,crossing,,POINT (2.0225296 41.313096)
2407138071,41.3103833,2.0096361,3,crossing,,POINT (2.0096361 41.3103833)
3088102802,41.3021043,2.0180366,2,crossing,,POINT (2.0180366 41.3021043)
3088102818,41.3017102,2.018522,2,crossing,,POINT (2.018522 41.3017102)
3088102832,41.3034204,2.0161938,2,crossing,,POINT (2.0161938 41.3034204)
4353309813,41.3045337,2.0252548,3,,,POINT (2.0252548 41.3045337)
4558538598,41.3199812,2.0256199,3,,,POINT (2.0256199 41.3199812)
4569265245,41.2999469,2.0205931,3,,,POINT (2.0205931 41.2999469)
5346948499,41.3156926,2.0129692,3,crossing,,POINT (2.0129692 41.3156926)
5552850365,41.3182152,2.0308465,2,crossing,,POINT (2.0308465 41.3182152)
5801467401,41.2786684,2.0530835,3,,,POINT (2.0530835 41.2786684)
6315715540,41.3036835,2.0160721,2,crossing,,POINT (2.0160721 41.3036835)
6315715546,41.3051217,2.0177752,2,crossing,,POINT (2.0177752 41.3051217)
6315715552,41.3052065,2.0176833,2,crossing,,POINT (2.0176833 41.3052065)
6369783595,41.2786882,2.053057,2,crossing,,POINT (2.053057 41.2786882)
6369784007,41.3082398,2.0264205,2,crossing,,POINT (2.0264205 41.3082398)
6369784013,41.3093098,2.0259852,2,crossing,,POINT (2.0259852 41.3093098)
6369784014,41.3091817,2.0257596,2,crossing,,POINT (2.0257596 41.3091817)
6640642462,41.3176961,2.0220066,2,crossing,,POINT (2.0220066 41.3176961)
6640642467,41.3188532,2.0210602,2,crossing,,POINT (2.0210602 41.3188532)
6640642470,41.3183539,2.0215386,2,crossing,,POINT (2.0215386 41.3183539)
7232459528,41.3083086,2.0263826,3,,,POINT (2.0263826 41.3083086)
7524420478,41.3116605,2.0164607,3,,,POINT (2.0164607 41.3116605)
7524420481,41.3126401,2.0155939,1,,,POINT (2.0155939 41.3126401)
7524420482,41.3127342,2.0157655,1,,,POINT (2.0157655 41.3127342)
7524420483,41.3122706,2.015943,1,,,POINT (2.015943 41.3122706)
7524420484,41.3123724,2.0160984,1,,,POINT (2.0160984 41.3123724)
7524458025,41.3116253,2.0233227,2,crossing,,POINT (2.0233227 41.3116253)
7524458029,41.3128382,2.0252668,2,,,POINT (2.0252668 41.3128382)
7524458045,41.3128624,2.0253115,3,,,POINT (2.0253115 41.3128624)
7524554142,41.3172133,2.022423,3,,,POINT (2.022423 41.3172133)
7524554154,41.3145216,2.0252674,1,,,POINT (2.0252674 41.3145216)
7524554155,41.3170572,2.0223404,3,,,POINT (2.0223404 41.3170572)
7524554161,41.3146368,2.0251198,1,,,POINT (2.0251198 41.3146368)
7524556111,41.3185855,2.0302346,3,,,POINT (2.0302346 41.3185855)
7524556112,41.3176449,2.0286107,2,crossing,,POINT (2.0286107 41.3176449)
7524556117,41.3187413,2.0300317,3,,,POINT (2.0300317 41.3187413)
7524556123,41.3160136,2.0284834,2,,,POINT (2.0284834 41.3160136)
7524556141,41.3169994,2.029403,3,,,POINT (2.029403 41.3169994)
7524556149,41.3201887,2.0281358,3,,,POINT (2.0281358 41.3201887)
7524556171,41.3149602,2.0274206,2,,,POINT (2.0274206 41.3149602)
7524556173,41.3181643,2.0307844,3,,,POINT (2.0307844 41.3181643)
7524556174,41.3207785,2.0273639,3,,,POINT (2.0273639 41.3207785)
7833168253,41.3037124,2.0160095,3,,,POINT (2.0160095 41.3037124)
7833168260,41.3030057,2.0165348,2,,,POINT (2.0165348 41.3030057)
7833168263,41.3051659,2.0177272,3,,,POINT (2.0177272 41.3051659)
7833220370,41.3092299,2.025841,3,,,POINT (2.025841 41.3092299)
7833220378,41.3045111,2.0252798,3,,,POINT (2.0252798 41.3045111)
7833220379,41.3070784,2.0273787,2,crossing,,POINT (2.0273787 41.3070784)
7833252095,41.3116739,2.0234116,3,,,POINT (2.0234116 41.3116739)
7833252105,41.3102391,2.0278971,3,,,POINT (2.0278971 41.3102391)
7833252107,41.3071175,2.0272908,2,crossing,,POINT (2.0272908 41.3071175)
7833889427,41.3122972,1.9954034,1,,,POINT (1.9954034 41.3122972)
7833889439,41.3143531,2.0015296,1,,,POINT (2.0015296 41.3143531)
7833896061,41.3208113,2.0221284,1,,,POINT (2.0221284 41.3208113)
7833964862,41.3117437,2.0111332,2,crossing,,POINT (2.0111332 41.3117437)
7834011317,41.3150372,2.023227,3,,,POINT (2.023227 41.3150372)
7834021704,41.306505,2.0084891,3,,,POINT (2.0084891 41.306505)
7838957479,41.3193039,2.0073514,2,crossing,,POINT (2.0073514 41.3193039)
7966370608,41.3093407,2.0117005,2,crossing,,POINT (2.0117005 41.3093407)
8346424656,41.3031907,2.0160271,2,crossing,,POINT (2.0160271 41.3031907)
8346442454,41.3005697,2.0198836,2,crossing,,POINT (2.0198836 41.3005697)
8346896751,41.3185299,2.0075591,2,crossing,,POINT (2.0075591 41.3185299)
8346896759,41.3177574,2.0081001,2,crossing,,POINT (2.0081001 41.3177574)
8346896764,41.3172688,2.008794,2,crossing,,POINT (2.008794 41.3172688)
8346896773,41.3169618,2.0093857,2,crossing,,POINT (2.0093857 41.3169618)
8346926055,41.3096788,2.0113474,2,crossing,,POINT (2.0113474 41.3096788)
8346926059,41.3126813,2.0036304,2,crossing,,POINT (2.0036304 41.3126813)
8346945905,41.3130874,2.0252303,2,crossing,,POINT (2.0252303 41.3130874)
8346945907,41.3200014,2.0285152,2,crossing,,POINT (2.0285152 41.3200014)
8346945908,41.3117564,2.0235589,2,crossing,,POINT (2.0235589 41.3117564)
8346945909,41.3200492,2.0282426,2,crossing,,POINT (2.0282426 41.3200492)
8346945912,41.3190688,2.0269264,2,crossing,,POINT (2.0269264 41.3190688)
8346945913,41.3199478,2.0284491,3,,,POINT (2.0284491 41.3199478)
8346945914,41.3169341,2.0293165,2,crossing,,POINT (2.0293165 41.3169341)
8346945915,41.3155306,2.0241096,2,crossing,,POINT (2.0241096 41.3155306)
8346945916,41.3208322,2.0183274,2,crossing,,POINT (2.0183274 41.3208322)
8346947719,41.3214239,2.0176305,2,crossing,,POINT (2.0176305 41.3214239)
8346947721,41.3151862,2.0247189,2,,,POINT (2.0247189 41.3151862)
8346947724,41.3202392,2.0282045,2,crossing,,POINT (2.0282045 41.3202392)
8346947727,41.3186329,2.0303013,2,crossing,,POINT (2.0303013 41.3186329)
8346947728,41.3226434,2.0163058,2,crossing,,POINT (2.0163058 41.3226434)
8346947730,41.3208233,2.027432,2,crossing,,POINT (2.027432 41.3208233)
8346947731,41.3161968,2.0235783,2,,,POINT (2.0235783 41.3161968)
8346947732,41.3166393,2.0229469,2,,,POINT (2.0229469 41.3166393)
8346947733,41.3187918,2.0300948,2,crossing,,POINT (2.0300948 41.3187918)
8346947734,41.3129541,2.025337,2,crossing,,POINT (2.025337 41.3129541)
8346947735,41.3186523,2.0300879,2,crossing,,POINT (2.0300879 41.3186523)
8346947737,41.3172558,2.0223489,2,crossing,,POINT (2.0223489 41.3172558)
8426609761,41.3117193,2.0025019,2,crossing,,POINT (2.0025019 41.3117193)
8711080818,41.3217186,2.0129858,2,,,POINT (2.0129858 41.3217186)
9036217380,41.2909805,2.0557064,3,,,POINT (2.0557064 41.2909805)
9036217404,41.2876835,2.0550532,1,,,POINT (2.0550532 41.2876835)
9036217405,41.2876093,2.0550291,1,,,POINT (2.0550291 41.2876093)
9450394829,41.3054688,2.018145,1,,,POINT (2.018145 41.3054688)
9485752939,41.3102264,2.0278745,2,,,POINT (2.0278745 41.3102264)
9485752941,41.3102513,2.0248142,2,,,POINT (2.0248142 41.3102513)
9485752946,41.3108209,2.0242526,2,,,POINT (2.0242526 41.3108209)
9493716910,41.322349,2.0157125,2,crossing,,POINT (2.0157125 41.322349)
9688831085,41.3094057,2.0141673,2,,,POINT (2.0141673 41.3094057)
9688831086,41.3109475,2.0156962,2,,,POINT (2.0156962 41.3109475)
9766954688,41.3082674,2.012889,2,,,POINT (2.012889 41.3082674)
9781413839,41.3118801,2.0167231,3,,,POINT (2.0167231 41.3118801)
9781413840,41.3117515,2.0163172,2,crossing,,POINT (2.0163172 41.3117515)
9781413841,41.3119203,2.0166745,2,crossing,,POINT (2.0166745 41.3119203)
9959380161,41.3231885,2.0299459,3,,,POINT (2.0299459 41.3231885)
9959411345,41.3229226,2.0287667,2,crossing,,POINT (2.0287667 41.3229226)
9959411364,41.3222033,2.029071,2,crossing,,POINT (2.029071 41.3222033)
9959411367,41.3222498,2.029966,2,crossing,,POINT (2.029966 41.3222498)
9959411368,41.3231185,2.030038,2,crossing,,POINT (2.030038 41.3231185)
9959411369,41.322346,2.0300921,2,crossing,,POINT (2.0300921 41.322346)
9959411370,41.3230156,2.0301552,2,crossing,,POINT (2.0301552 41.3230156)
9959453007,41.3209517,2.0269092,3,,,POINT (2.0269092 41.3209517)
9959453008,41.3207468,2.0271862,3,,,POINT (2.0271862 41.3207468)
9959453009,41.3208708,2.0270186,2,crossing,,POINT (2.0270186 41.3208708)
9959453011,41.3207867,2.0271322,2,crossing,,POINT (2.0271322 41.3207867)
9959981780,41.317551,2.0227674,2,crossing,,POINT (2.0227674 41.317551)
9959981781,41.3179699,2.0232695,2,crossing,,POINT (2.0232695 41.3179699)
9959981782,41.3184157,2.0238661,2,crossing,,POINT (2.0238661 41.3184157)
10106993224,41.3122987,2.0120191,2,,,POINT (2.0120191 41.3122987)
10170339148,41.2984951,2.0534237,1,,,POINT (2.0534237 41.2984951)
10170339151,41.2984627,2.0534885,1,,,POINT (2.0534885 41.2984627)
10185494298,41.3224548,2.0287778,3,,,POINT (2.0287778 41.3224548)
10185494301,41.3223947,2.0288084,2,crossing,,POINT (2.0288084 41.3223947)
10185494302,41.3232114,2.0298845,2,crossing,,POINT (2.0298845 41.3232114)
10185571974,41.3169064,2.0222547,2,crossing,,POINT (2.0222547 41.3169064)
10185571985,41.3079482,2.01258,2,crossing,,POINT (2.01258 41.3079482)
10185571986,41.3079867,2.0125792,2,crossing,,POINT (2.0125792 41.3079867)
10185571987,41.313562,2.0184027,2,crossing,,POINT (2.0184027 41.313562)
10207212436,41.3110262,2.0157992,3,,,POINT (2.0157992 41.3110262)
10207212437,41.3108571,2.0156301,3,,,POINT (2.0156301 41.3108571)
10207212440,41.3109325,2.0157085,2,,,POINT (2.0157085 41.3109325)
10207247324,41.313884,2.0189217,2,,,POINT (2.0189217 41.313884)
10207247325,41.3138556,2.0187456,2,crossing,,POINT (2.0187456 41.3138556)
10207683468,41.3232009,2.0300071,2,crossing,,POINT (2.0300071 41.3232009)
10210008628,41.3154685,2.0205033,2,crossing,,POINT (2.0205033 41.3154685)
10840344551,41.3229947,2.0288084,2,crossing,,POINT (2.0288084 41.3229947)
10922264953,41.3180097,2.0217844,1,,,POINT (2.0217844 41.3180097)
10982856310,41.2910464,2.0557289,2,crossing,,POINT (2.0557289 41.2910464)
10982856311,41.2911067,2.0557499,2,crossing,,POINT (2.0557499 41.2911067)
11073040780,41.3117663,2.0165624,2,,,POINT (2.0165624 41.3117663)
11275900885,41.3217873,2.0279559,2,crossing,,POINT (2.0279559 41.3217873)
11333547171,41.3199246,2.0254448,2,,,POINT (2.0254448 41.3199246)
11333547172,41.3197352,2.0257031,3,,,POINT (2.0257031 41.3197352)
11333547173,41.3197679,2.0256586,2,,,POINT (2.0256586 41.3197679)
11333547174,41.3200513,2.0261603,2,crossing,,POINT (2.0261603 41.3200513)
11333547175,41.3202267,2.0259142,3,,,POINT (2.0259142 41.3202267)
11333547176,41.3197993,2.0259228,2,,,POINT (2.0259228 41.3197993)
11333547177,41.3200211,2.0256073,2,,,POINT (2.0256073 41.3200211)
11333547178,41.3201167,2.0256997,2,,,POINT (2.0256997 41.3201167)
11333547180,41.3198166,2.0255921,2,crossing,,POINT (2.0255921 41.3198166)
11333547181,41.3197839,2.0256367,2,crossing,,POINT (2.0256367 41.3197839)
11333547182,41.3201285,2.0260528,2,crossing,,POINT (2.0260528 41.3201285)
11382671757,41.3115919,2.0232432,1,,,POINT (2.0232432 41.3115919)
11382809943,41.3236922,2.025381,2,,,POINT (2.025381 41.3236922)
11382809944,41.3220713,2.0282567,2,,,POINT (2.0282567 41.3220713)
11382810160,41.3198539,2.0255412,2,,,POINT (2.0255412 41.3198539)
11382810161,41.319903,2.0254743,2,,,POINT (2.0254743 41.319903)
11382810164,41.3200228,2.0261967,3,,,POINT (2.0261967 41.3200228)
11382810695,41.3145146,2.0213394,1,,,POINT (2.0213394 41.3145146)
11382926097,41.3257342,2.0240789,2,crossing,,POINT (2.0240789 41.3257342)
11382926098,41.3258249,2.0240588,2,crossing,,POINT (2.0240588 41.3258249)
11382926110,41.3236443,2.0253767,3,,,POINT (2.0253767 41.3236443)
11382926114,41.3234837,2.0256596,2,,,POINT (2.0256596 41.3234837)
11382926120,41.3233707,2.0268351,2,,,POINT (2.0268351 41.3233707)
11382926122,41.3230432,2.02796,2,,,POINT (2.02796 41.3230432)
11382926124,41.3228218,2.0287229,3,,,POINT (2.0287229 41.3228218)
11383885233,41.3129075,2.0253836,3,,,POINT (2.0253836 41.3129075)
11387988436,41.2787209,2.0530134,1,,,POINT (2.0530134 41.2787209)
11394244978,41.3252416,2.0131302,1,,,POINT (2.0131302 41.3252416)
11394244984,41.3255997,2.0139387,2,crossing,,POINT (2.0139387 41.3255997)
11394244985,41.325527,2.0139949,2,crossing,,POINT (2.0139949 41.325527)
11394245032,41.3195136,2.020277,2,crossing,,POINT (2.020277 41.3195136)
11394306811,41.3260798,2.0161871,2,crossing,,POINT (2.0161871 41.3260798)
11394306812,41.326171,2.0161731,2,crossing,,POINT (2.0161731 41.326171)
11394306861,41.3258195,2.0218183,3,,,POINT (2.0218183 41.3258195)
11394306862,41.3257514,2.0218179,2,crossing,,POINT (2.0218179 41.3257514)
11394306863,41.325655,2.0218151,2,crossing,,POINT (2.0218151 41.325655)
11397154236,41.3154578,2.0206469,2,,,POINT (2.0206469 41.3154578)
11397154237,41.3154883,2.0206823,2,crossing,,POINT (2.0206823 41.3154883)
11397154241,41.3155657,2.0207639,3,,,POINT (2.0207639 41.3155657)
11397154243,41.315606,2.0206685,2,crossing,,POINT (2.0206685 41.315606)
11397154244,41.3156258,2.0206178,3,,,POINT (2.0206178 41.3156258)
11397154248,41.3155288,2.0205711,2,,,POINT (2.0205711 41.3155288)
11397154250,41.3156333,2.0205995,1,,,POINT (2.0205995 41.3156333)
11423339066,41.3220169,2.0235331,1,,,POINT (2.0235331 41.3220169)
11423339067,41.3234328,2.0222023,1,,,POINT (2.0222023 41.3234328)
11423394472,41.3234515,2.0223347,4,,,POINT (2.0223347 41.3234515)
11423398708,41.3261569,2.0191612,3,,,POINT (2.0191612 41.3261569)
11423398709,41.3259643,2.0190932,1,,,POINT (2.0190932 41.3259643)
11423398710,41.326,2.0191058,2,crossing,,POINT (2.0191058 41.326)
11423398711,41.3260917,2.0191382,2,crossing,,POINT (2.0191382 41.3260917)
12181488522,41.3218862,2.0147728,2,,,POINT (2.0147728 41.3218862)
12346156721,41.3236454,2.0240908,3,,,POINT (2.0240908 41.3236454)
12346156722,41.3237345,2.0240857,1,,,POINT (2.0240857 41.3237345)
12346156723,41.3235937,2.0233132,3,,,POINT (2.0233132 41.3235937)
12346156724,41.3236774,2.0232939,1,,,POINT (2.0232939 41.3236774)
1131731004,41.3170088,2.0203526,4,,,POINT (2.0203526 41.3170088)
1134264293,41.3158088,2.0208817,3,,,POINT (2.0208817 41.3158088)
1200554661,41.3164605,2.0205961,3,,,POINT (2.0205961 41.3164605)
1091842294,41.3106835,2.0087904,3,crossing,,POINT (2.0087904 41.3106835)
7833889442,41.3124842,1.9950899,1,,,POINT (1.9950899 41.3124842)
7833980749,41.3107318,2.0088552,1,,,POINT (2.0088552 41.3107318)
8346896749,41.3084787,2.005475,2,crossing,,POINT (2.005475 41.3084787)
8346896757,41.3106066,2.0087262,2,crossing,,POINT (2.0087262 41.3106066)
8346896777,41.3129906,2.0127279,2,crossing,,POINT (2.0127279 41.3129906)
206191459,41.2995727,2.0209869,2,,,POINT (2.0209869 41.2995727)
206191529,41.3179475,2.0369004,3,motorway_junction,52,POINT (2.0369004 41.3179475)
206343940,41.2996511,2.0208453,2,,,POINT (2.0208453 41.2996511)
206344245,41.3067206,2.0276091,3,motorway_junction,50,POINT (2.0276091 41.3067206)
208568921,41.2768894,2.0498488,3,motorway_junction,,POINT (2.0498488 41.2768894)
208568922,41.2757634,2.0486223,3,,,POINT (2.0486223 41.2757634)
208568926,41.2743088,2.0465127,3,,,POINT (2.0465127 41.2743088)
208595121,41.2993637,2.051981,2,,,POINT (2.051981 41.2993637)
208595138,41.2834263,2.052609,3,motorway_junction,,POINT (2.052609 41.2834263)
208595144,41.2774162,2.0500993,3,,,POINT (2.0500993 41.2774162)
211305820,41.3064414,2.0114135,3,,,POINT (2.0114135 41.3064414)
211305823,41.306609,2.011568,3,,,POINT (2.011568 41.306609)
211305824,41.306704,2.0115088,3,,,POINT (2.0115088 41.306704)
211305825,41.3066451,2.0112383,3,,,POINT (2.0112383 41.3066451)
211305830,41.306551,2.011199,2,,,POINT (2.011199 41.306551)
211310173,41.307768,2.0127051,3,,,POINT (2.0127051 41.307768)
211310729,41.3079493,2.0126321,3,,,POINT (2.0126321 41.3079493)
211311619,41.3078453,2.0128679,3,,,POINT (2.0128679 41.3078453)
211311623,41.3080744,2.0131103,3,,,POINT (2.0131103 41.3080744)
211313493,41.3082932,2.0132366,3,,,POINT (2.0132366 41.3082932)
211317738,41.3093259,2.0143063,3,,,POINT (2.0143063 41.3093259)
211317741,41.3116634,2.016644,4,traffic_signals,,POINT (2.016644 41.3116634)
211318993,41.3169258,2.0220082,3,,,POINT (2.0220082 41.3169258)
211318996,41.3169314,2.0222203,3,,,POINT (2.0222203 41.3169314)
211319000,41.3171254,2.0222212,3,,,POINT (2.0222212 41.3171254)
211320730,41.317593,2.0227019,3,,,POINT (2.0227019 41.317593)
211320731,41.3179903,2.0232061,4,,,POINT (2.0232061 41.3179903)
211320732,41.3197461,2.0255578,3,,,POINT (2.0255578 41.3197461)
211321251,41.3198039,2.0258033,3,,,POINT (2.0258033 41.3198039)
211321256,41.3199398,2.0256221,3,,,POINT (2.0256221 41.3199398)
211321896,41.3200496,2.0259714,3,,,POINT (2.0259714 41.3200496)
211321900,41.3200989,2.0257285,3,,,POINT (2.0257285 41.3200989)
214922960,41.2982912,2.0316254,3,,,POINT (2.0316254 41.2982912)
214922962,41.299275,2.0342761,3,,,POINT (2.0342761 41.299275)
214923388,41.299255,2.0347219,3,,,POINT (2.0347219 41.299255)
214923391,41.2994124,2.0350998,3,,,POINT (2.0350998 41.2994124)
214923395,41.2995344,2.034547,3,,,POINT (2.034547 41.2995344)
214924707,41.2992439,2.0348485,3,,,POINT (2.0348485 41.2992439)
214924711,41.299651,2.0349463,3,,,POINT (2.0349463 41.299651)
214924714,41.2996704,2.0348701,3,,,POINT (2.0348701 41.2996704)
214924716,41.2995751,2.0345761,3,,,POINT (2.0345761 41.2995751)
214925654,41.2996554,2.0353907,3,,,POINT (2.0353907 41.2996554)
214925862,41.2998792,2.0344674,3,,,POINT (2.0344674 41.2998792)
214927127,41.3033528,2.0503276,2,,,POINT (2.0503276 41.3033528)
242925411,41.2781321,2.0523866,3,,,POINT (2.0523866 41.2781321)
242925494,41.2783788,2.0529262,3,,,POINT (2.0529262 41.2783788)
242925495,41.2786452,2.0526795,3,,,POINT (2.0526795 41.2786452)
242925500,41.2784019,2.0521828,3,,,POINT (2.0521828 41.2784019)
242926973,41.28079,2.0500372,3,,,POINT (2.0500372 41.28079)
243494580,41.3155682,2.0206153,3,,,POINT (2.0206153 41.3155682)
243494597,41.3103316,2.0245867,3,,,POINT (2.0245867 41.3103316)
243494777,41.3012023,2.0226555,3,motorway_junction,50,POINT (2.0226555 41.3012023)
243494899,41.302408,2.0252733,3,,,POINT (2.0252733 41.302408)
243494913,41.3033679,2.024864,3,,,POINT (2.024864 41.3033679)
243494979,41.3044734,2.0238586,4,,,POINT (2.0238586 41.3044734)
243495392,41.3101894,2.0180372,3,,,POINT (2.0180372 41.3101894)
243495396,41.3103145,2.0179243,3,,,POINT (2.0179243 41.3103145)
243495422,41.3102945,2.0180568,3,,,POINT (2.0180568 41.3102945)
245491682,41.3103223,2.0244694,4,,,POINT (2.0244694 41.3103223)
245491688,41.3072761,2.0210137,3,,,POINT (2.0210137 41.3072761)
245491689,41.3081967,2.0236798,3,,,POINT (2.0236798 41.3081967)
245491716,41.3092137,2.0227121,4,,,POINT (2.0227121 41.3092137)
245491717,41.3067565,2.0190667,3,,,POINT (2.0190667 41.3067565)
245491719,41.3116427,2.0203646,4,,,POINT (2.0203646 41.3116427)
245491904,41.3156193,2.0240239,4,,,POINT (2.0240239 41.3156193)
245491906,41.3160748,2.0234473,3,,,POINT (2.0234473 41.3160748)
245785869,41.3181552,2.0368973,3,,,POINT (2.0368973 41.3181552)
245935461,41.31231,1.9951095,3,,,POINT (1.9951095 41.31231)
245935463,41.3123947,1.9948754,3,,,POINT (1.9948754 41.3123947)
245935464,41.3123687,1.9948084,2,,,POINT (1.9948084 41.3123687)
245935815,41.3111386,2.0029892,2,,,POINT (2.0029892 41.3111386)
245935861,41.3116782,2.0024337,3,,,POINT (2.0024337 41.3116782)
245936231,41.3132069,1.9953428,3,,,POINT (1.9953428 41.3132069)
245936350,41.3143259,2.0014275,3,,,POINT (2.0014275 41.3143259)
245936353,41.3142715,2.0011193,3,,,POINT (2.0011193 41.3142715)
245936370,41.3135642,2.0025091,3,,,POINT (2.0025091 41.3135642)
245936371,41.3129938,2.0032269,3,,,POINT (2.0032269 41.3129938)
245936393,41.3127781,2.0002066,3,,,POINT (2.0002066 41.3127781)
245936395,41.3129007,1.9995657,3,,,POINT (1.9995657 41.3129007)
245936399,41.3131525,1.9983587,3,,,POINT (1.9983587 41.3131525)
245936401,41.3134228,1.9975578,3,,,POINT (1.9975578 41.3134228)
245936405,41.3141502,1.996685,3,,,POINT (1.996685 41.3141502)
245936453,41.3145193,1.9990812,3,,,POINT (1.9990812 41.3145193)
245936456,41.3145507,2.0003322,3,,,POINT (2.0003322 41.3145507)
245936457,41.3129128,1.9991859,3,,,POINT (1.9991859 41.3129128)
245936513,41.3131263,1.9995067,3,,,POINT (1.9995067 41.3131263)
245936514,41.3140123,2.0019308,3,,,POINT (2.0019308 41.3140123)
246181265,41.3126594,2.0036606,3,,,POINT (2.0036606 41.3126594)
246181267,41.3125489,2.0036454,3,,,POINT (2.0036454 41.3125489)
246181268,41.3125191,2.0037242,3,,,POINT (2.0037242 41.3125191)
246181270,41.3125802,2.0038307,3,,,POINT (2.0038307 41.3125802)
246181271,41.3126477,2.0038106,3,,,POINT (2.0038106 41.3126477)
246181791,41.311187,2.0060902,4,,,POINT (2.0060902 41.311187)
246181792,41.3108999,2.0067015,3,,,POINT (2.0067015 41.3108999)
246182003,41.3112605,2.0061696,3,,,POINT (2.0061696 41.3112605)
246182133,41.3116425,2.0052357,3,,,POINT (2.0052357 41.3116425)
246182298,41.3116841,2.0056311,3,,,POINT (2.0056311 41.3116841)
246182514,41.3103265,2.0091164,3,,,POINT (2.0091164 41.3103265)
246182517,41.3103795,2.0094349,3,,,POINT (2.0094349 41.3103795)
246182519,41.3105125,2.0094707,3,,,POINT (2.0094707 41.3105125)
246182520,41.3105821,2.0092614,3,,,POINT (2.0092614 41.3105821)
246182522,41.3105769,2.0091433,3,,,POINT (2.0091433 41.3105769)
246182757,41.3092652,2.0117948,4,traffic_signals,,POINT (2.0117948 41.3092652)
246811387,41.310382,2.0037249,3,,,POINT (2.0037249 41.310382)
246811462,41.3082933,2.0055934,3,,,POINT (2.0055934 41.3082933)
246811464,41.3083777,2.005562,3,,,POINT (2.005562 41.3083777)
246811482,41.3083117,2.0056017,3,,,POINT (2.0056017 41.3083117)
246811978,41.3064629,2.0082778,3,,,POINT (2.0082778 41.3064629)
248548907,41.2795806,2.0517837,3,,,POINT (2.0517837 41.2795806)
288485335,41.310479,2.0036323,3,,,POINT (2.0036323 41.310479)
288944159,41.3115714,2.0019675,3,,,POINT (2.0019675 41.3115714)
288944167,41.3115232,2.0024843,2,,,POINT (2.0024843 41.3115232)
409128578,41.3167,2.0272649,4,,,POINT (2.0272649 41.3167)
409128580,41.3170139,2.0265098,4,,,POINT (2.0265098 41.3170139)
409128586,41.3177806,2.0240943,4,,,POINT (2.0240943 41.3177806)
409131078,41.3175626,2.0285172,4,,,POINT (2.0285172 41.3175626)
409131081,41.3184529,2.0274046,3,,,POINT (2.0274046 41.3184529)
409137868,41.3156401,2.0262219,4,,,POINT (2.0262219 41.3156401)
409137869,41.3160149,2.0255496,4,,,POINT (2.0255496 41.3160149)
409137871,41.3164061,2.0248504,4,,,POINT (2.0248504 41.3164061)
409137876,41.3171665,2.0234618,4,,,POINT (2.0234618 41.3171665)
409153752,41.3185973,2.0251944,3,,,POINT (2.0251944 41.3185973)
409153755,41.3176255,2.0262008,3,,,POINT (2.0262008 41.3176255)
409292135,41.3168059,2.0297077,3,,,POINT (2.0297077 41.3168059)
409292136,41.3168658,2.029418,3,,,POINT (2.029418 41.3168658)
470891181,41.2917768,2.0509699,3,motorway_junction,189,POINT (2.0509699 41.2917768)
470891194,41.2922679,2.0572074,3,motorway_junction,5,POINT (2.0572074 41.2922679)
470891208,41.2912911,2.0554662,3,,,POINT (2.0554662 41.2912911)
470891212,41.2915462,2.0550885,3,,,POINT (2.0550885 41.2915462)
472447890,41.2978847,2.0509493,3,,,POINT (2.0509493 41.2978847)
472447898,41.2988225,2.0534915,3,,,POINT (2.0534915 41.2988225)
472447916,41.2965265,2.052173,3,,,POINT (2.052173 41.2965265)
472447925,41.2963632,2.049853,3,,,POINT (2.049853 41.2963632)
473476285,41.2968065,2.0525834,3,,,POINT (2.0525834 41.2968065)
473476286,41.2935117,2.0552246,3,motorway_junction,5,POINT (2.0552246 41.2935117)
473479961,41.2909745,2.0553082,3,,,POINT (2.0553082 41.2909745)
473480022,41.2913243,2.0591628,3,,,POINT (2.0591628 41.2913243)
473480041,41.29435,2.0534926,3,motorway_junction,,POINT (2.0534926 41.29435)
473480356,41.2913694,2.054668,3,,,POINT (2.054668 41.2913694)
473480374,41.2909244,2.0549169,3,,,POINT (2.0549169 41.2909244)
473480378,41.2910197,2.0553717,3,,,POINT (2.0553717 41.2910197)
473481292,41.2875272,2.0545386,3,,,POINT (2.0545386 41.2875272)
473481295,41.2876744,2.0548472,3,,,POINT (2.0548472 41.2876744)
473481298,41.2878948,2.0546602,3,,,POINT (2.0546602 41.2878948)
473481304,41.287532,2.0557536,1,,,POINT (2.0557536 41.287532)
473481308,41.2907265,2.0551599,3,crossing,,POINT (2.0551599 41.2907265)
473575863,41.2950264,2.0517393,3,,,POINT (2.0517393 41.2950264)
473593916,41.3020627,2.0455032,4,,,POINT (2.0455032 41.3020627)
473593917,41.3021528,2.0458407,4,,,POINT (2.0458407 41.3021528)
473593940,41.3020501,2.0458365,3,,,POINT (2.0458365 41.3020501)
473593953,41.3021401,2.0455001,3,,,POINT (2.0455001 41.3021401)
474992969,41.2992558,2.0521452,2,,,POINT (2.0521452 41.2992558)
475572095,41.287707,2.0664566,3,,,POINT (2.0664566 41.287707)
475572102,41.287099,2.0674822,3,,,POINT (2.0674822 41.287099)
475572103,41.2873554,2.0673369,3,,,POINT (2.0673369 41.2873554)
475575650,41.2984728,2.0542099,2,,,POINT (2.0542099 41.2984728)
576359614,41.3115084,2.0015849,2,crossing,,POINT (2.0015849 41.3115084)
607644056,41.3187462,2.0189989,4,,,POINT (2.0189989 41.3187462)
607644062,41.3175897,2.0203457,3,,,POINT (2.0203457 41.3175897)
607644080,41.3242863,2.0138226,4,,,POINT (2.0138226 41.3242863)
607644081,41.3235679,2.0145726,4,,,POINT (2.0145726 41.3235679)
607644089,41.3220361,2.0161382,3,,,POINT (2.0161382 41.3220361)
607644091,41.3215474,2.0166448,3,,,POINT (2.0166448 41.3215474)
607644095,41.3203569,2.0177023,3,,,POINT (2.0177023 41.3203569)
607644344,41.31659,2.0216452,3,,,POINT (2.0216452 41.31659)
728705249,41.3219189,2.0307072,3,,,POINT (2.0307072 41.3219189)
728705250,41.3199405,2.0332448,3,,,POINT (2.0332448 41.3199405)
728705251,41.3199558,2.0334048,3,,,POINT (2.0334048 41.3199558)
728705253,41.3198825,2.0331663,3,,,POINT (2.0331663 41.3198825)
728705256,41.3179504,2.0308435,3,,,POINT (2.0308435 41.3179504)
728705258,41.320908,2.0273286,3,,,POINT (2.0273286 41.320908)
728705259,41.3196446,2.0333945,3,,,POINT (2.0333945 41.3196446)
728705262,41.3198353,2.0335581,3,,,POINT (2.0335581 41.3198353)
728705264,41.3201298,2.0283527,4,,,POINT (2.0283527 41.3201298)
728705271,41.3225643,2.0300579,3,,,POINT (2.0300579 41.3225643)
728705278,41.3222619,2.0296651,3,,,POINT (2.0296651 41.3222619)
1084139051,41.3124274,2.0157305,3,,,POINT (2.0157305 41.3124274)
1084139081,41.3125846,2.0157277,3,,,POINT (2.0157277 41.3125846)
1085377805,41.3126997,2.0130071,3,,,POINT (2.0130071 41.3126997)
1085377812,41.3128801,2.0128351,3,,,POINT (2.0128351 41.3128801)
1086361193,41.3099856,2.0041773,3,,,POINT (2.0041773 41.3099856)
1086375812,41.3095617,2.0045428,3,,,POINT (2.0045428 41.3095617)
1086375875,41.3137163,2.0052974,4,,,POINT (2.0052974 41.3137163)
1091826692,41.3121226,2.0080463,3,,,POINT (2.0080463 41.3121226)
1091842257,41.3128621,2.0085305,3,,,POINT (2.0085305 41.3128621)
1091842276,41.3107813,2.0096846,3,,,POINT (2.0096846 41.3107813)
1091842279,41.3113835,2.0144535,4,,,POINT (2.0144535 41.3113835)
1091842307,41.3127611,2.0080055,3,,,POINT (2.0080055 41.3127611)
1091842327,41.3139628,2.0079613,5,,,POINT (2.0079613 41.3139628)
1091868516,41.3116231,2.0052439,3,,,POINT (2.0052439 41.3116231)
1091868517,41.3108875,2.0042395,3,,,POINT (2.0042395 41.3108875)
1091868533,41.3112152,2.0047056,3,,,POINT (2.0047056 41.3112152)
1091868583,41.3139174,2.0031427,3,,,POINT (2.0031427 41.3139174)
1092205604,41.3168676,2.0047164,3,,,POINT (2.0047164 41.3168676)
1092219000,41.3183702,2.0017165,4,,,POINT (2.0017165 41.3183702)
1092219005,41.3142389,2.0069371,3,,,POINT (2.0069371 41.3142389)
1092219016,41.3179476,2.0011237,4,,,POINT (2.0011237 41.3179476)
1092219019,41.3140365,2.0060453,3,,,POINT (2.0060453 41.3140365)
1092219034,41.317157,2.000968,3,,,POINT (2.000968 41.317157)
1092219071,41.3167956,1.9995197,3,,,POINT (1.9995197 41.3167956)
1092247422,41.3160665,2.0023422,4,,,POINT (2.0023422 41.3160665)
1092247431,41.3156365,2.001767,3,,,POINT (2.001767 41.3156365)
1092247444,41.3166612,2.0027221,4,,,POINT (2.0027221 41.3166612)
1092247454,41.3169211,2.0035537,4,,,POINT (2.0035537 41.3169211)
1092247492,41.3153472,2.004356,4,,,POINT (2.004356 41.3153472)
1092247501,41.3159692,2.004743,4,,,POINT (2.004743 41.3159692)
1092247529,41.3161734,2.0003059,3,,,POINT (2.0003059 41.3161734)
1092247552,41.3149482,2.006021,3,,,POINT (2.006021 41.3149482)
1092263653,41.3122365,2.0040872,3,,,POINT (2.0040872 41.3122365)
1092263787,41.3152697,2.0033081,3,,,POINT (2.0033081 41.3152697)
1092263800,41.3148506,2.0027387,3,,,POINT (2.0027387 41.3148506)
1092472096,41.3145648,2.0065127,3,,,POINT (2.0065127 41.3145648)
1092472112,41.3197225,2.0036043,4,,,POINT (2.0036043 41.3197225)
1094077853,41.314637,2.0041335,3,,,POINT (2.0041335 41.314637)
1094077886,41.3169864,2.0048725,3,,,POINT (2.0048725 41.3169864)
1094077893,41.3168488,2.0048782,3,,,POINT (2.0048782 41.3168488)
1094077905,41.3163947,2.0053738,4,,,POINT (2.0053738 41.3163947)
1094077912,41.3164775,2.0059289,3,,,POINT (2.0059289 41.3164775)
1094077933,41.3130315,2.0094847,3,,,POINT (2.0094847 41.3130315)
1094077936,41.3131821,2.0100144,3,,,POINT (2.0100144 41.3131821)
1094077940,41.3141762,2.0114427,3,,,POINT (2.0114427 41.3141762)
1094237192,41.3149148,2.0098489,3,,,POINT (2.0098489 41.3149148)
1094237195,41.3139082,2.0110434,3,,,POINT (2.0110434 41.3139082)
1094237241,41.3144164,2.0080387,3,,,POINT (2.0080387 41.3144164)
1094237264,41.314499,2.0080404,3,,,POINT (2.0080404 41.314499)
1094237291,41.314349,2.0078237,3,,,POINT (2.0078237 41.314349)
1094237297,41.314541,2.008007,3,,,POINT (2.008007 41.314541)
1094296489,41.3150122,2.0078017,3,,,POINT (2.0078017 41.3150122)
1094296524,41.3178135,2.0037023,1,,,POINT (2.0037023 41.3178135)
1094296530,41.3173411,2.00303,3,,,POINT (2.00303 41.3173411)
1094296578,41.3118105,2.0149741,3,,,POINT (2.0149741 41.3118105)
1094296604,41.3116658,2.01495,3,,,POINT (2.01495 41.3116658)
1094296689,41.3108572,2.0158337,3,,,POINT (2.0158337 41.3108572)
1094296777,41.3131172,2.0069886,3,,,POINT (2.0069886 41.3131172)
1094296854,41.3133412,2.0066268,3,,,POINT (2.0066268 41.3133412)
1094360098,41.3138665,2.0147637,3,,,POINT (2.0147637 41.3138665)
1094360109,41.3138197,2.0148478,3,,,POINT (2.0148478 41.3138197)
1094360111,41.3137224,2.0148513,3,,,POINT (2.0148513 41.3137224)
1094360143,41.313681,2.0146668,3,,,POINT (2.0146668 41.313681)
1094360174,41.3140052,2.014548,3,crossing,,POINT (2.014548 41.3140052)
1094360224,41.3152228,2.0135917,3,,,POINT (2.0135917 41.3152228)
1094360277,41.3155375,2.0139951,3,,,POINT (2.0139951 41.3155375)
1094360283,41.3155073,2.0133621,3,,,POINT (2.0133621 41.3155073)
1094360316,41.315077,2.0129881,3,,,POINT (2.0129881 41.315077)
1094360320,41.3142644,2.0116318,3,,,POINT (2.0116318 41.3142644)
1094360355,41.315355,2.0130702,3,,,POINT (2.0130702 41.315355)
1094360371,41.3151695,2.0133477,4,,,POINT (2.0133477 41.3151695)
1094360498,41.3154323,2.0130461,4,,,POINT (2.0130461 41.3154323)
1094360531,41.3152719,2.0135846,3,,,POINT (2.0135846 41.3152719)
1094360537,41.3155209,2.0132649,3,,,POINT (2.0132649 41.3155209)
1094360581,41.3141526,2.0116012,3,,,POINT (2.0116012 41.3141526)
1094360592,41.3142966,2.0114854,3,,,POINT (2.0114854 41.3142966)
1095439352,41.3181955,2.0059286,3,,,POINT (2.0059286 41.3181955)
1095439366,41.3177171,2.0064197,3,,,POINT (2.0064197 41.3177171)
1095439377,41.3171491,2.0070249,4,,,POINT (2.0070249 41.3171491)
1095439387,41.3165735,2.0077636,4,,,POINT (2.0077636 41.3165735)
1095439392,41.3161405,2.0084416,3,,,POINT (2.0084416 41.3161405)
1095439401,41.3154799,2.008433,3,,,POINT (2.008433 41.3154799)
1095439435,41.3168032,2.0064518,3,,,POINT (2.0064518 41.3168032)
1095439448,41.3152159,2.0056685,3,,,POINT (2.0056685 41.3152159)
1095439470,41.3172937,2.0088309,3,,,POINT (2.0088309 41.3172937)
1095439489,41.3168051,2.0094249,3,,,POINT (2.0094249 41.3168051)
1095439501,41.3173882,2.0090056,3,,,POINT (2.0090056 41.3173882)
1095439505,41.3188367,2.0112174,4,,,POINT (2.0112174 41.3188367)
1095439556,41.317787,2.0083691,3,,,POINT (2.0083691 41.317787)
1095439603,41.3178279,2.0082247,3,,,POINT (2.0082247 41.3178279)
1095439629,41.3185903,2.0077998,3,,,POINT (2.0077998 41.3185903)
1095439659,41.3186031,2.0076598,3,,,POINT (2.0076598 41.3186031)
1095439681,41.3194078,2.0070004,3,,,POINT (2.0070004 41.3194078)
1095439702,41.3193838,2.0072372,3,,,POINT (2.0072372 41.3193838)
1095439849,41.3181922,2.0058189,3,,,POINT (2.0058189 41.3181922)
1095439863,41.3183593,2.0059211,3,,,POINT (2.0059211 41.3183593)
1095439882,41.3183295,2.0057725,3,,,POINT (2.0057725 41.3183295)
1095440068,41.3173947,2.0088581,3,,,POINT (2.0088581 41.3173947)
1095440086,41.3172775,2.0090085,3,,,POINT (2.0090085 41.3172775)
1095440170,41.3168995,2.0095712,3,,,POINT (2.0095712 41.3168995)
1095440188,41.3169271,2.0094271,3,,,POINT (2.0094271 41.3169271)
1095440240,41.3151233,2.0106631,3,,,POINT (2.0106631 41.3151233)
1095440291,41.3153007,2.0114708,3,,,POINT (2.0114708 41.3153007)
1095440295,41.3152322,2.0106982,3,,,POINT (2.0106982 41.3152322)
1095440376,41.3141482,2.0086605,3,,,POINT (2.0086605 41.3141482)
1095440425,41.3151974,2.0105008,3,,,POINT (2.0105008 41.3151974)
1095440543,41.3142754,2.0091774,3,,,POINT (2.0091774 41.3142754)
1096507243,41.3118857,2.0164464,3,,,POINT (2.0164464 41.3118857)
1096507245,41.3101498,2.012889,3,,,POINT (2.012889 41.3101498)
1096513760,41.3101092,2.0146855,3,,,POINT (2.0146855 41.3101092)
1096513772,41.3108714,2.0138108,3,,,POINT (2.0138108 41.3108714)
1096529573,41.3152525,2.0105352,3,,,POINT (2.0105352 41.3152525)
1096529577,41.3158641,2.0101566,4,,,POINT (2.0101566 41.3158641)
1096529607,41.31792,2.0082721,3,,,POINT (2.0082721 41.31792)
1096529613,41.3187488,2.0076984,3,,,POINT (2.0076984 41.3187488)
1104961855,41.312616,2.0158424,3,,,POINT (2.0158424 41.312616)
1104969800,41.3106686,2.0152439,3,,,POINT (2.0152439 41.3106686)
1105037070,41.3176021,2.0107453,3,,,POINT (2.0107453 41.3176021)
1105037086,41.3177316,2.0106217,3,,,POINT (2.0106217 41.3177316)
1105149728,41.3210608,2.0171331,4,,,POINT (2.0171331 41.3210608)
1105149745,41.3170117,2.0114334,3,,,POINT (2.0114334 41.3170117)
1105149764,41.3219488,2.0147398,4,,,POINT (2.0147398 41.3219488)
1105149775,41.3195815,2.0109926,3,,,POINT (2.0109926 41.3195815)
1105149778,41.3186876,2.0095969,4,,,POINT (2.0095969 41.3186876)
1108381682,41.317807,2.0125511,4,,,POINT (2.0125511 41.317807)
1108381685,41.3183909,2.011821,4,,,POINT (2.011821 41.3183909)
1108381695,41.316197,2.0141676,3,,,POINT (2.0141676 41.316197)
1108381701,41.3206547,2.0088284,3,,,POINT (2.0088284 41.3206547)
1109639584,41.3169005,2.0295774,3,,,POINT (2.0295774 41.3169005)
1109639597,41.3206255,2.024921,4,,,POINT (2.024921 41.3206255)
1109639608,41.3200179,2.0256249,3,,,POINT (2.0256249 41.3200179)
1113674820,41.3145036,2.0054301,4,,,POINT (2.0054301 41.3145036)
1113674833,41.3164402,2.0041501,4,,,POINT (2.0041501 41.3164402)
1113674835,41.3162579,2.0072733,4,,,POINT (2.0072733 41.3162579)
1113674836,41.3160042,2.0035432,4,,,POINT (2.0035432 41.3160042)
1113674838,41.3177475,2.0025025,4,,,POINT (2.0025025 41.3177475)
1113674839,41.3158818,2.0066846,4,,,POINT (2.0066846 41.3158818)
1113674840,41.3148696,2.0019314,4,,,POINT (2.0019314 41.3148696)
1113674842,41.3164762,2.0007121,4,,,POINT (2.0007121 41.3164762)
1113674852,41.3155769,2.0029383,4,,,POINT (2.0029383 41.3155769)
1113674854,41.3173185,2.0018915,4,,,POINT (2.0018915 41.3173185)
1113674856,41.3155858,2.0093804,4,,,POINT (2.0093804 41.3155858)
1113674857,41.3168977,2.001292,4,,,POINT (2.001292 41.3168977)
1113674859,41.3151645,2.0023445,4,,,POINT (2.0023445 41.3151645)
1116354100,41.3094853,2.0140352,4,,,POINT (2.0140352 41.3094853)
1116354114,41.3110152,2.0156043,4,,,POINT (2.0156043 41.3110152)
1116623855,41.3181651,2.0101943,4,,,POINT (2.0101943 41.3181651)
1116623956,41.319315,2.0105713,4,,,POINT (2.0105713 41.319315)
1119033360,41.3125851,2.0159323,3,,,POINT (2.0159323 41.3125851)
1119033371,41.3139349,2.0157918,5,,,POINT (2.0157918 41.3139349)
1119033380,41.3129134,2.0155309,3,,,POINT (2.0155309 41.3129134)
1119033381,41.3141974,2.0175875,3,,,POINT (2.0175875 41.3141974)
1119033394,41.3118208,2.0165136,3,,,POINT (2.0165136 41.3118208)
1119065594,41.3207159,2.0088675,3,,,POINT (2.0088675 41.3207159)
1119065601,41.3215869,2.0098385,3,,,POINT (2.0098385 41.3215869)
1119065619,41.3216124,2.0096998,3,,,POINT (2.0096998 41.3216124)
1119065624,41.3207801,2.0087756,3,,,POINT (2.0087756 41.3207801)
1119065628,41.3231492,2.0109308,3,,,POINT (2.0109308 41.3231492)
1119065633,41.3232574,2.0110204,3,,,POINT (2.0110204 41.3232574)
1119065641,41.3232863,2.0109052,3,,,POINT (2.0109052 41.3232863)
1119065648,41.3231936,2.0108476,3,,,POINT (2.0108476 41.3231936)
1119065698,41.3217301,2.0097515,3,,,POINT (2.0097515 41.3217301)
1119065718,41.3207638,2.0087167,3,,,POINT (2.0087167 41.3207638)
1119065732,41.3206464,2.0087476,3,,,POINT (2.0087476 41.3206464)
1119065734,41.3207098,2.0086841,3,,,POINT (2.0086841 41.3207098)
1119065774,41.321697,2.0098765,3,,,POINT (2.0098765 41.321697)
1119065780,41.3217002,2.0096999,3,,,POINT (2.0096999 41.3217002)
1119093840,41.3242666,2.0118366,3,,,POINT (2.0118366 41.3242666)
1119093872,41.3249642,2.0129396,3,,,POINT (2.0129396 41.3249642)
1119093874,41.3249716,2.0130957,3,,,POINT (2.0130957 41.3249716)
1119093895,41.3251084,2.0131406,3,,,POINT (2.0131406 41.3251084)
1119093896,41.3251639,2.0130561,3,,,POINT (2.0130561 41.3251639)
1119093915,41.3251444,2.0129172,3,,,POINT (2.0129172 41.3251444)
1119093920,41.3250289,2.0128701,3,,,POINT (2.0128701 41.3250289)
1119093947,41.3243055,2.0118628,3,,,POINT (2.0118628 41.3243055)
1119104426,41.3228707,2.0133405,3,,,POINT (2.0133405 41.3228707)
1119104427,41.3235808,2.0126217,3,,,POINT (2.0126217 41.3235808)
1119104440,41.3221063,2.01207,3,,,POINT (2.01207 41.3221063)
1119104443,41.3219,2.0122735,3,,,POINT (2.0122735 41.3219)
1119104444,41.323164,2.0109969,3,,,POINT (2.0109969 41.323164)
1119106283,41.3259656,2.0120585,3,,,POINT (2.0120585 41.3259656)
1119106285,41.3261496,2.0118661,3,,,POINT (2.0118661 41.3261496)
1119106303,41.3259622,2.0105795,3,,,POINT (2.0105795 41.3259622)
1119694752,41.3200354,2.0079094,3,,,POINT (2.0079094 41.3200354)
1124937218,41.324486,2.0121198,3,,,POINT (2.0121198 41.324486)
1124981404,41.3231259,2.0172887,3,,,POINT (2.0172887 41.3231259)
1124981406,41.3231634,2.0171595,3,,,POINT (2.0171595 41.3231634)
1124981410,41.32464,2.0164486,3,,,POINT (2.0164486 41.32464)
1124981411,41.3260162,2.0159768,3,,,POINT (2.0159768 41.3260162)
1124981413,41.3240621,2.0154449,4,,,POINT (2.0154449 41.3240621)
1124981427,41.3209797,2.0185223,4,,,POINT (2.0185223 41.3209797)
1124981438,41.325587,2.0141556,3,,,POINT (2.0141556 41.325587)
1124981460,41.3260179,2.0158539,3,,,POINT (2.0158539 41.3260179)
1124981481,41.3261146,2.0158003,3,,,POINT (2.0158003 41.3261146)
1128236277,41.3149994,2.0097581,4,,,POINT (2.0097581 41.3149994)
1129273455,41.3156847,2.0154146,4,,,POINT (2.0154146 41.3156847)
1129273459,41.321236,2.0242115,3,,,POINT (2.0242115 41.321236)
1129273462,41.3184148,2.0237684,4,,,POINT (2.0237684 41.3184148)
1129276619,41.3132245,2.0166956,4,,,POINT (2.0166956 41.3132245)
1129276631,41.3127514,2.017479,3,,,POINT (2.017479 41.3127514)
1130841540,41.3193985,2.0201003,4,,,POINT (2.0201003 41.3193985)
1130841542,41.3187909,2.0209698,3,,,POINT (2.0209698 41.3187909)
1130841543,41.3182988,2.0214397,4,,,POINT (2.0214397 41.3182988)
1130841544,41.3177594,2.0218405,3,,,POINT (2.0218405 41.3177594)
1130841546,41.3171453,2.0220527,3,,,POINT (2.0220527 41.3171453)
1130841547,41.3171466,2.0221457,3,,,POINT (2.0221457 41.3171466)
1130841550,41.3184443,2.0217008,4,,,POINT (2.0217008 41.3184443)
1130841552,41.3189816,2.0212142,4,,,POINT (2.0212142 41.3189816)
1130841555,41.319716,2.0206053,3,,,POINT (2.0206053 41.319716)
1130841563,41.3222426,2.0187474,3,,,POINT (2.0187474 41.3222426)
1130841567,41.3230263,2.0172598,3,,,POINT (2.0172598 41.3230263)
1130882691,41.3216985,2.0156188,3,,,POINT (2.0156188 41.3216985)
1130882694,41.3207569,2.0166999,3,,,POINT (2.0166999 41.3207569)
1130882703,41.3213288,2.0150579,4,,,POINT (2.0150579 41.3213288)
1130882706,41.3208713,2.015624,4,,,POINT (2.015624 41.3208713)
1130882708,41.3203914,2.0161961,4,,,POINT (2.0161961 41.3203914)
1130882711,41.319804,2.0169097,4,,,POINT (2.0169097 41.319804)
1130898034,41.3191457,2.0159956,4,,,POINT (2.0159956 41.3191457)
1130898039,41.3230507,2.0136609,3,,,POINT (2.0136609 41.3230507)
1130898043,41.3244929,2.0141509,1,,,POINT (2.0141509 41.3244929)
1130898045,41.3171444,2.0189637,1,,,POINT (2.0189637 41.3171444)
1130898047,41.3181221,2.0180618,3,,,POINT (2.0180618 41.3181221)
1130898057,41.3209782,2.0145276,4,,,POINT (2.0145276 41.3209782)
1130898069,41.3202432,2.0146608,4,,,POINT (2.0146608 41.3202432)
1130898075,41.3173638,2.018045,4,,,POINT (2.018045 41.3173638)
1130898076,41.3169728,2.0184962,1,,,POINT (2.0184962 41.3169728)
1130908708,41.3190196,2.0142651,3,,,POINT (2.0142651 41.3190196)
1130908709,41.3210746,2.0118726,3,,,POINT (2.0118726 41.3210746)
1130908710,41.3156656,2.0191691,1,,,POINT (2.0191691 41.3156656)
1130908717,41.3173449,2.0171843,3,,,POINT (2.0171843 41.3173449)
1130908719,41.3181542,2.0163387,3,,,POINT (2.0163387 41.3181542)
1130908720,41.3189191,2.0156575,4,,,POINT (2.0156575 41.3189191)
1131137281,41.3258535,2.0106899,3,,,POINT (2.0106899 41.3258535)
1131141534,41.3161524,2.010966,3,,,POINT (2.010966 41.3161524)
1131141538,41.317591,2.0105935,3,,,POINT (2.0105935 41.317591)
1131141541,41.3164244,2.0088453,3,,,POINT (2.0088453 41.3164244)
1131141543,41.3171966,2.0100715,3,,,POINT (2.0100715 41.3171966)
1131425389,41.3190688,2.0228796,3,,,POINT (2.0228796 41.3190688)
1131425393,41.3197366,2.0235554,4,,,POINT (2.0235554 41.3197366)
1131425395,41.3185245,2.0216498,3,,,POINT (2.0216498 41.3185245)
1131425423,41.319115,2.0243634,3,,,POINT (2.0243634 41.319115)
1131453368,41.3065906,2.0111955,3,,,POINT (2.0111955 41.3065906)
1131686638,41.3179861,2.0209361,3,,,POINT (2.0209361 41.3179861)
1131686685,41.3201177,2.0184303,3,,,POINT (2.0184303 41.3201177)
1134251269,41.3185472,2.0235966,3,,,POINT (2.0235966 41.3185472)
1134264292,41.3205125,2.0150842,4,,,POINT (2.0150842 41.3205125)
1134264295,41.31911,2.0196208,4,,,POINT (2.0196208 41.31911)
1134264296,41.3172123,2.0207685,4,,,POINT (2.0207685 41.3172123)
1134264304,41.3201554,2.0184871,3,,,POINT (2.0184871 41.3201554)
1134264305,41.3200203,2.0156838,4,,,POINT (2.0156838 41.3200203)
1134264306,41.3193764,2.0174333,3,,,POINT (2.0174333 41.3193764)
1134264307,41.3184537,2.0185189,4,,,POINT (2.0185189 41.3184537)
1134264309,41.3178638,2.0157752,4,,,POINT (2.0157752 41.3178638)
1134264310,41.3205011,2.0178819,4,,,POINT (2.0178819 41.3205011)
1134264311,41.3195834,2.0203919,3,,,POINT (2.0203919 41.3195834)
1134264312,41.3207039,2.0141145,4,,,POINT (2.0141145 41.3207039)
1134264314,41.3212287,2.0161524,4,,,POINT (2.0161524 41.3212287)
1134264315,41.3215621,2.0178276,4,,,POINT (2.0178276 41.3215621)
1134264316,41.3194481,2.0163987,4,,,POINT (2.0163987 41.3194481)
1134264318,41.3197409,2.0152821,4,,,POINT (2.0152821 41.3197409)
1134264319,41.3198412,2.0180614,4,,,POINT (2.0180614 41.3198412)
1134264320,41.3186619,2.022339,3,,,POINT (2.022339 41.3186619)
1134264324,41.319575,2.013621,4,,,POINT (2.013621 41.319575)
1134264326,41.3196578,2.0236528,4,,,POINT (2.0236528 41.3196578)
1134264330,41.3205546,2.0124821,4,,,POINT (2.0124821 41.3205546)
1134264331,41.3134496,2.0164055,4,,,POINT (2.0164055 41.3134496)
1134264332,41.3212103,2.0134898,4,,,POINT (2.0134898 41.3212103)
1134264333,41.3200434,2.0130751,4,,,POINT (2.0130751 41.3200434)
1134266124,41.3155907,2.0146607,3,,,POINT (2.0146607 41.3155907)
1134266127,41.3157797,2.0163319,3,,,POINT (2.0163319 41.3157797)
1134266148,41.3216063,2.0098689,3,,,POINT (2.0098689 41.3216063)
1134266155,41.3195051,2.0149451,3,,,POINT (2.0149451 41.3195051)
1134266158,41.3192886,2.0146448,3,,,POINT (2.0146448 41.3192886)
1140034957,41.3219751,2.009183,3,,,POINT (2.009183 41.3219751)
1140034970,41.3200557,2.0067669,3,,,POINT (2.0067669 41.3200557)
1140034971,41.3212075,2.0083846,4,,,POINT (2.0083846 41.3212075)
1140034972,41.3226003,2.0097366,3,,,POINT (2.0097366 41.3226003)
1140034975,41.3230975,2.0101872,3,,,POINT (2.0101872 41.3230975)
1140035000,41.3235777,2.0092388,4,,,POINT (2.0092388 41.3235777)
1140057797,41.3233585,2.0082159,3,,,POINT (2.0082159 41.3233585)
1140057800,41.3229905,2.0080551,3,,,POINT (2.0080551 41.3229905)
1140057812,41.3228921,2.0088472,3,,,POINT (2.0088472 41.3228921)
1140076084,41.3221067,2.0092967,3,,,POINT (2.0092967 41.3221067)
1140076085,41.3223285,2.0095029,3,,,POINT (2.0095029 41.3223285)
1140076090,41.3228658,2.0080576,3,,,POINT (2.0080576 41.3228658)
1140076094,41.323019,2.0079615,2,,,POINT (2.0079615 41.323019)
1140076103,41.3224392,2.0088247,3,,,POINT (2.0088247 41.3224392)
1140076106,41.3223345,2.0092431,3,,,POINT (2.0092431 41.3223345)
1141178073,41.3231568,2.0058378,4,,,POINT (2.0058378 41.3231568)
1141178094,41.322855,2.0065093,3,,,POINT (2.0065093 41.322855)
1141178104,41.3225057,2.0071724,3,,,POINT (2.0071724 41.3225057)
1141178116,41.3225282,2.0079642,3,,,POINT (2.0079642 41.3225282)
1141178123,41.3232394,2.0050641,3,,,POINT (2.0050641 41.3232394)
1141178134,41.3227919,2.0021613,3,,,POINT (2.0021613 41.3227919)
1141178136,41.3220166,2.0027414,3,,,POINT (2.0027414 41.3220166)
1141191816,41.3202651,2.0060773,2,,,POINT (2.0060773 41.3202651)
1141191817,41.3206712,2.0043808,3,,,POINT (2.0043808 41.3206712)
1141191818,41.3216863,2.0032886,4,,,POINT (2.0032886 41.3216863)
1143654563,41.3216909,2.0080333,4,,,POINT (2.0080333 41.3216909)
1143654564,41.3217925,2.0079561,3,,,POINT (2.0079561 41.3217925)
1143654568,41.3204808,2.0063685,4,,,POINT (2.0063685 41.3204808)
1145245213,41.321658,2.004463,3,,,POINT (2.004463 41.321658)
1145245214,41.3219254,2.0042656,3,,,POINT (2.0042656 41.3219254)
1145245219,41.3223244,2.0044657,4,,,POINT (2.0044657 41.3223244)
1145245224,41.3223533,2.0056587,3,,,POINT (2.0056587 41.3223533)
1145264718,41.3220238,2.0036369,3,,,POINT (2.0036369 41.3220238)
1145264719,41.3211214,2.0025963,1,,,POINT (2.0025963 41.3211214)
1145264721,41.3213123,2.0028355,3,,,POINT (2.0028355 41.3213123)
1145264729,41.3219738,2.003888,3,,,POINT (2.003888 41.3219738)
1145304334,41.3203642,2.0055117,3,,,POINT (2.0055117 41.3203642)
1145304336,41.3207429,2.0035311,3,,,POINT (2.0035311 41.3207429)
1145304351,41.321722,2.0055758,4,,,POINT (2.0055758 41.321722)
1145304362,41.3221184,2.006359,3,,,POINT (2.006359 41.3221184)
1145592665,41.3213253,2.0062713,3,,,POINT (2.0062713 41.3213253)
1145592667,41.3208338,2.0068571,3,,,POINT (2.0068571 41.3208338)
1145592711,41.318146,2.0037734,3,,,POINT (2.0037734 41.318146)
1145610668,41.3184741,2.005591,3,,,POINT (2.005591 41.3184741)
1145610671,41.320011,2.000766,3,,,POINT (2.000766 41.320011)
1145610672,41.3193674,2.0015912,3,,,POINT (2.0015912 41.3193674)
1145637534,41.3193172,2.003046,3,,,POINT (2.003046 41.3193172)
1145637535,41.3196734,2.0025858,3,,,POINT (2.0025858 41.3196734)
1145637542,41.3203102,2.0010573,4,,,POINT (2.0010573 41.3203102)
1145637552,41.3201935,2.0026539,3,,,POINT (2.0026539 41.3201935)
1145637561,41.319155,2.0018594,3,,,POINT (2.0018594 41.319155)
1145637567,41.3203483,2.0026543,1,,,POINT (2.0026543 41.3203483)
1145637574,41.3190115,2.0010071,3,,,POINT (2.0010071 41.3190115)
1145644758,41.3207839,2.0021964,1,,,POINT (2.0021964 41.3207839)
1145657870,41.3198677,1.9994059,4,,,POINT (1.9994059 41.3198677)
1153010098,41.3211012,2.0106436,3,,,POINT (2.0106436 41.3211012)
1169016284,41.320703,1.998041,3,,,POINT (1.998041 41.320703)
1169016298,41.3213631,1.9985305,3,,,POINT (1.9985305 41.3213631)
1169016353,41.3216162,1.9977965,1,,,POINT (1.9977965 41.3216162)
1169016378,41.3205323,1.9984427,3,,,POINT (1.9984427 41.3205323)
1169035368,41.3188701,1.9993908,3,,,POINT (1.9993908 41.3188701)
1169035371,41.318343,1.998559,3,,,POINT (1.998559 41.318343)
1169035376,41.3177534,1.9985218,4,,,POINT (1.9985218 41.3177534)
1169035384,41.3183528,1.9975047,1,,,POINT (1.9975047 41.3183528)
1169035388,41.3177584,1.9973143,1,,,POINT (1.9973143 41.3177584)
1169035390,41.3174882,2.000485,3,,,POINT (2.000485 41.3174882)
1169035403,41.3179751,2.0005211,3,,,POINT (2.0005211 41.3179751)
1169035414,41.3181933,2.0008135,3,,,POINT (2.0008135 41.3181933)
1169035416,41.318621,2.0014052,3,,,POINT (2.0014052 41.318621)
1169035433,41.3195064,1.9974949,1,turning_circle,,POINT (1.9974949 41.3195064)
1177120041,41.3128369,2.0108889,3,,,POINT (2.0108889 41.3128369)
1177120044,41.3125286,2.0102194,3,,,POINT (2.0102194 41.3125286)
1177120047,41.3118895,2.0094373,3,,,POINT (2.0094373 41.3118895)
1177120050,41.3113587,2.0082261,3,,,POINT (2.0082261 41.3113587)
1177120059,41.3117663,2.0095705,3,,,POINT (2.0095705 41.3117663)
1177120060,41.3111051,2.0102002,3,,,POINT (2.0102002 41.3111051)
1177120071,41.3113978,2.0106618,3,,,POINT (2.0106618 41.3113978)
1177120079,41.3131038,2.0100463,3,,,POINT (2.0100463 41.3131038)
1177120094,41.3128139,2.0101464,1,turning_circle,,POINT (2.0101464 41.3128139)
1177120098,41.3117134,2.0111695,3,,,POINT (2.0111695 41.3117134)
1177120124,41.3134668,2.0104724,3,,,POINT (2.0104724 41.3134668)
1177156992,41.3107439,2.0114614,3,,,POINT (2.0114614 41.3107439)
1177156995,41.3107782,2.011334,3,,,POINT (2.011334 41.3107782)
1177157005,41.3112863,2.0104856,3,,,POINT (2.0104856 41.3112863)
1177157014,41.3096102,2.0113423,3,,,POINT (2.0113423 41.3096102)
1177157016,41.3106533,2.0113628,3,,,POINT (2.0113628 41.3106533)
1177157024,41.3106083,2.0134667,3,,,POINT (2.0134667 41.3106083)
1177157035,41.3111584,2.0121777,3,,,POINT (2.0121777 41.3111584)
1177157058,41.3121597,2.0135699,3,,,POINT (2.0135699 41.3121597)
1177183150,41.3118529,2.0080893,3,,,POINT (2.0080893 41.3118529)
1177183156,41.3115386,2.0081714,3,,,POINT (2.0081714 41.3115386)
1177183161,41.3119202,2.0075704,3,,,POINT (2.0075704 41.3119202)
1180686279,41.3126047,2.0055695,4,,,POINT (2.0055695 41.3126047)
1180686283,41.312078,2.0062133,1,,,POINT (2.0062133 41.312078)
1180727051,41.3122505,2.0050722,3,,,POINT (2.0050722 41.3122505)
1180750433,41.3123265,2.0070544,3,,,POINT (2.0070544 41.3123265)
1180750434,41.3118558,2.0055304,3,,,POINT (2.0055304 41.3118558)
1180750443,41.3134068,2.0037631,3,,,POINT (2.0037631 41.3134068)
1180802572,41.3144344,2.0013965,3,,,POINT (2.0013965 41.3144344)
1180833967,41.3172402,2.0040117,1,,,POINT (2.0040117 41.3172402)
1180833968,41.3181497,2.0030679,1,,,POINT (2.0030679 41.3181497)
1180833970,41.3175128,2.0005191,3,,,POINT (2.0005191 41.3175128)
1186060828,41.318269,2.0132039,4,,,POINT (2.0132039 41.318269)
1186077444,41.3155924,2.0160979,3,,,POINT (2.0160979 41.3155924)
1186077447,41.315523,2.0164697,3,,,POINT (2.0164697 41.315523)
1186101430,41.3146567,2.015528,3,,,POINT (2.015528 41.3146567)
1186101444,41.3144354,2.0164577,5,,,POINT (2.0164577 41.3144354)
1186101445,41.314829,2.0168935,5,,,POINT (2.0168935 41.314829)
1186101459,41.314949,2.0180222,3,,,POINT (2.0180222 41.314949)
1186538320,41.3129927,2.0170538,3,,,POINT (2.0170538 41.3129927)
1186538328,41.3147583,2.0163971,4,,,POINT (2.0163971 41.3147583)
1186538333,41.3135412,2.0176733,1,,,POINT (2.0176733 41.3135412)
1186538346,41.3150783,2.0163537,1,,,POINT (2.0163537 41.3150783)
1187334109,41.313508,2.0184991,4,,,POINT (2.0184991 41.313508)
1187402076,41.3160807,2.017271,4,,,POINT (2.017271 41.3160807)
1187402139,41.3155557,2.0164594,3,,,POINT (2.0164594 41.3155557)
1187402195,41.3167213,2.0181442,3,,,POINT (2.0181442 41.3167213)
1187402285,41.3168585,2.0179138,3,,,POINT (2.0179138 41.3168585)
1187672560,41.321763,2.0131094,3,,,POINT (2.0131094 41.321763)
1187672580,41.3216938,2.0129817,3,,,POINT (2.0129817 41.3216938)
1187702147,41.3185285,2.0083477,1,,,POINT (2.0083477 41.3185285)
1187702159,41.32174,2.0126174,3,,,POINT (2.0126174 41.32174)
1187706670,41.3217684,2.0131603,3,,,POINT (2.0131603 41.3217684)
1187722456,41.3143258,2.0193541,3,,,POINT (2.0193541 41.3143258)
1187722477,41.3140022,2.0177952,4,,,POINT (2.0177952 41.3140022)
1187722485,41.3148379,2.018752,3,,,POINT (2.018752 41.3148379)
1187729184,41.3157503,2.0194482,1,,,POINT (2.0194482 41.3157503)
1188085576,41.3193813,2.0087462,3,,,POINT (2.0087462 41.3193813)
1188085598,41.3187205,2.0078332,3,,,POINT (2.0078332 41.3187205)
1188131628,41.3206863,2.0097036,1,,,POINT (2.0097036 41.3206863)
1188131630,41.3200857,2.0104884,3,,,POINT (2.0104884 41.3200857)
1189660030,41.3130747,2.0311793,3,,,POINT (2.0311793 41.3130747)
1189660045,41.3127819,2.0310688,3,,,POINT (2.0310688 41.3127819)
1189660061,41.3197641,2.0335572,3,,,POINT (2.0335572 41.3197641)
1189660062,41.3179597,2.0359805,3,,,POINT (2.0359805 41.3179597)
1190021712,41.3178289,2.0357985,3,,,POINT (2.0357985 41.3178289)
1190021724,41.3130844,2.0314743,3,,,POINT (2.0314743 41.3130844)
1190021755,41.3130996,2.0312479,3,,,POINT (2.0312479 41.3130996)
1192963700,41.3127111,2.0311558,3,,,POINT (2.0311558 41.3127111)
1200000507,41.3180209,2.0311591,3,,,POINT (2.0311591 41.3180209)
1200000508,41.3181348,2.0310234,3,,,POINT (2.0310234 41.3181348)
1200000510,41.3181216,2.0309109,3,,,POINT (2.0309109 41.3181216)
1200000512,41.3178861,2.0310201,3,,,POINT (2.0310201 41.3178861)
1200000513,41.319789,2.0331373,3,,,POINT (2.0331373 41.319789)
1200005204,41.3166441,2.0295222,3,,,POINT (2.0295222 41.3166441)
1200005269,41.316715,2.0293852,3,,,POINT (2.0293852 41.316715)
1200015397,41.3159749,2.0285493,3,,,POINT (2.0285493 41.3159749)
1200015405,41.3149748,2.0276177,3,,,POINT (2.0276177 41.3149748)
1200015410,41.31494,2.0274562,3,,,POINT (2.0274562 41.31494)
1200015416,41.3149086,2.0277307,3,,,POINT (2.0277307 41.3149086)
1200015419,41.3147217,2.027552,3,,,POINT (2.027552 41.3147217)
1200015472,41.31474,2.0276539,3,,,POINT (2.0276539 41.31474)
1200015481,41.3129315,2.0310465,3,,,POINT (2.0310465 41.3129315)
1200015496,41.3148732,2.027747,3,,,POINT (2.027747 41.3148732)
1200024335,41.3137395,2.0266166,3,,,POINT (2.0266166 41.3137395)
1200024345,41.313641,2.0264718,3,,,POINT (2.0264718 41.313641)
1200024385,41.3147832,2.0274306,3,,,POINT (2.0274306 41.3147832)
1200024387,41.313855,2.0265679,3,,,POINT (2.0265679 41.313855)
1200024396,41.3137538,2.0262886,3,,,POINT (2.0262886 41.3137538)
1200024401,41.3130132,2.0251128,3,,,POINT (2.0251128 41.3130132)
1200024627,41.3138515,2.0263367,3,,,POINT (2.0263367 41.3138515)
1200028693,41.313458,2.0318333,3,,,POINT (2.0318333 41.313458)
1200038211,41.3144071,2.0327453,3,,,POINT (2.0327453 41.3144071)
1200038216,41.3166916,2.0296745,3,,,POINT (2.0296745 41.3166916)
1200059342,41.3157281,2.0340293,3,,,POINT (2.0340293 41.3157281)
1200059344,41.3179295,2.0311204,3,,,POINT (2.0311204 41.3179295)
1200059345,41.3186302,2.0347215,3,,,POINT (2.0347215 41.3186302)
1200059346,41.3157191,2.0309814,3,,,POINT (2.0309814 41.3157191)
1200059347,41.3158504,2.0308059,3,,,POINT (2.0308059 41.3158504)
1200059348,41.3187771,2.0345332,3,,,POINT (2.0345332 41.3187771)
1200554645,41.3166741,2.019704,1,,,POINT (2.019704 41.3166741)
1200554665,41.3169519,2.021082,3,,,POINT (2.021082 41.3169519)
1200554673,41.3151637,2.025809,3,,,POINT (2.025809 41.3151637)
1200554688,41.3150251,2.0256663,1,,,POINT (2.0256663 41.3150251)
1200580244,41.3170808,2.0175771,3,,,POINT (2.0175771 41.3170808)
1200580248,41.317545,2.0185895,3,,,POINT (2.0185895 41.317545)
1208625945,41.3125409,2.0336487,3,,,POINT (2.0336487 41.3125409)
1208625951,41.312437,2.0362175,2,,,POINT (2.0362175 41.312437)
1243851685,41.3195609,2.0070303,3,,,POINT (2.0070303 41.3195609)
1243851740,41.3260551,2.0160252,3,,,POINT (2.0160252 41.3260551)
1243851768,41.3144727,2.0011758,3,,,POINT (2.0011758 41.3144727)
1243851777,41.3261458,2.016016,3,,,POINT (2.016016 41.3261458)
1243851790,41.3083727,2.0056557,3,,,POINT (2.0056557 41.3083727)
1243851802,41.3083809,2.0054802,2,,,POINT (2.0054802 41.3083809)
1243851807,41.3082673,2.0055609,2,,,POINT (2.0055609 41.3082673)
1243851855,41.3168042,2.0095393,3,,,POINT (2.0095393 41.3168042)
1249875748,41.3132919,2.0047029,4,,,POINT (2.0047029 41.3132919)
1258265825,41.319643,2.0333169,3,,,POINT (2.0333169 41.319643)
1280617476,41.3019771,2.0456183,3,,,POINT (2.0456183 41.3019771)
1280617520,41.3016968,2.0458522,3,,,POINT (2.0458522 41.3016968)
1280617643,41.3135439,2.0414669,2,,,POINT (2.0414669 41.3135439)
1305278134,41.3104157,2.0038016,3,,,POINT (2.0038016 41.3104157)
1320369524,41.3101099,2.0039655,2,,,POINT (2.0039655 41.3101099)
1383136506,41.3116605,2.0147924,3,,,POINT (2.0147924 41.3116605)
1403500947,41.2781133,2.0473664,1,,,POINT (2.0473664 41.2781133)
1403501108,41.2810463,2.0376579,3,,,POINT (2.0376579 41.2810463)
1403501192,41.2818414,2.0350364,1,,,POINT (2.0350364 41.2818414)
1403501194,41.2818449,2.0350501,3,,,POINT (2.0350501 41.2818449)
1403501391,41.2863629,2.0336127,3,,,POINT (2.0336127 41.2863629)
1410302839,41.2850754,2.0413483,1,,,POINT (2.0413483 41.2850754)
1416545434,41.2733612,2.0442229,3,motorway_junction,,POINT (2.0442229 41.2733612)
1416545436,41.273354,2.0436726,3,,,POINT (2.0436726 41.273354)
1416545476,41.2768282,2.0416824,1,,,POINT (2.0416824 41.2768282)
1472990853,41.3192827,2.0184732,3,,,POINT (2.0184732 41.3192827)
1472990981,41.3197108,2.0178752,3,,,POINT (2.0178752 41.3197108)
1472990982,41.3201352,2.0173932,3,,,POINT (2.0173932 41.3201352)
1472993474,41.3229688,2.0151888,3,,,POINT (2.0151888 41.3229688)
1473068231,41.318645,2.0201812,3,,,POINT (2.0201812 41.318645)
1473068233,41.3182725,2.0195544,3,,,POINT (2.0195544 41.3182725)
1484909689,41.2989235,2.0534726,2,,,POINT (2.0534726 41.2989235)
1512110522,41.3115313,2.0089512,4,,,POINT (2.0089512 41.3115313)
1512110572,41.3129345,2.0042039,4,,,POINT (2.0042039 41.3129345)
1512110622,41.3136953,2.0041983,4,,,POINT (2.0041983 41.3136953)
1512110626,41.3138043,2.018791,3,,,POINT (2.018791 41.3138043)
1512110629,41.3141098,2.0047859,4,,,POINT (2.0047859 41.3141098)
1512110633,41.3142172,2.0035515,4,,,POINT (2.0035515 41.3142172)
1512110646,41.314339,2.0156604,3,,,POINT (2.0156604 41.314339)
1512110648,41.3145045,2.0326144,4,,,POINT (2.0326144 41.3145045)
1512110649,41.3145665,2.0182643,4,,,POINT (2.0182643 41.3145665)
1512110651,41.3158555,2.0338759,4,,,POINT (2.0338759 41.3158555)
1512110655,41.3164281,2.0147725,4,,,POINT (2.0147725 41.3164281)
1512110664,41.3169482,2.0324922,4,,,POINT (2.0324922 41.3169482)
1512110668,41.3170599,2.0164206,4,,,POINT (2.0164206 41.3170599)
1512110681,41.3170586,2.014242,4,,,POINT (2.014242 41.3170586)
1512110684,41.3170886,2.0322932,4,,,POINT (2.0322932 41.3170886)
1512110713,41.31875,2.0123812,4,,,POINT (2.0123812 41.31875)
1512110715,41.3190847,2.0091293,4,,,POINT (2.0091293 41.3190847)
1512110718,41.3191563,2.0117001,4,,,POINT (2.0117001 41.3191563)
1512110722,41.319628,2.0190241,3,,,POINT (2.0190241 41.319628)
1512110733,41.3197284,2.0100138,4,,,POINT (2.0100138 41.3197284)
1512110745,41.3203426,2.003945,4,,,POINT (2.003945 41.3203426)
1512110748,41.3206917,2.0113047,3,,,POINT (2.0113047 41.3206917)
1512110760,41.3211341,2.0038819,4,,,POINT (2.0038819 41.3211341)
1512110781,41.3219801,2.0069995,4,,,POINT (2.0069995 41.3219801)
1512110783,41.3224341,2.0142852,4,,,POINT (2.0142852 41.3224341)
1512110786,41.3227675,2.0165592,4,,,POINT (2.0165592 41.3227675)
1512110789,41.3230368,2.0171162,3,,,POINT (2.0171162 41.3230368)
1512564829,41.3130323,2.0061671,4,,,POINT (2.0061671 41.3130323)
1512564830,41.3187115,2.0301992,3,,,POINT (2.0301992 41.3187115)
1512564831,41.3187894,2.0023114,4,,,POINT (2.0023114 41.3187894)
1562259320,41.3116209,2.0019885,3,,,POINT (2.0019885 41.3116209)
1562259326,41.3113859,2.0028969,3,,,POINT (2.0028969 41.3113859)
1562259338,41.3123529,1.9950732,3,,,POINT (1.9950732 41.3123529)
1562259365,41.3117025,2.0021724,3,,,POINT (2.0021724 41.3117025)
1564374009,41.3066866,2.0116104,3,,,POINT (2.0116104 41.3066866)
1567770577,41.3064291,2.008356,2,,,POINT (2.008356 41.3064291)
1609997963,41.3138154,2.0146138,3,,,POINT (2.0146138 41.3138154)
1609997967,41.3107138,2.0095728,3,,,POINT (2.0095728 41.3107138)
1609997988,41.3136683,2.0147235,3,,,POINT (2.0147235 41.3136683)
1609997995,41.3128482,2.0130462,3,,,POINT (2.0130462 41.3128482)
1609998009,41.3127206,2.0128052,3,,,POINT (2.0128052 41.3127206)
1624926347,41.314446,2.0077289,3,,,POINT (2.0077289 41.314446)
1648826945,41.313904,2.0171236,3,,,POINT (2.0171236 41.313904)
1672512155,41.3118575,2.0231501,3,,,POINT (2.0231501 41.3118575)
1672512178,41.313655,2.0244733,3,,,POINT (2.0244733 41.313655)
1672512187,41.3129233,2.0225123,3,,,POINT (2.0225123 41.3129233)
1672512207,41.3127998,2.0224052,3,,,POINT (2.0224052 41.3127998)
1672512233,41.3148369,2.0211701,3,,,POINT (2.0211701 41.3148369)
1672512245,41.3128432,2.0224141,3,,,POINT (2.0224141 41.3128432)
1672512252,41.3119796,2.023356,3,,,POINT (2.023356 41.3119796)
1672512276,41.3090565,2.0259269,3,,,POINT (2.0259269 41.3090565)
1672512281,41.3101595,2.0279434,3,,,POINT (2.0279434 41.3101595)
1672512313,41.3219532,2.0114983,1,,,POINT (2.0114983 41.3219532)
1672512320,41.3118983,2.0234172,3,,,POINT (2.0234172 41.3118983)
1672512342,41.3109039,2.0243967,3,,,POINT (2.0243967 41.3109039)
1672512344,41.3127344,2.0227332,3,,,POINT (2.0227332 41.3127344)
1672512353,41.3107769,2.0241783,3,,,POINT (2.0241783 41.3107769)
1672512375,41.3126974,2.0224726,3,,,POINT (2.0224726 41.3126974)
1672512394,41.3206844,2.0248452,4,,,POINT (2.0248452 41.3206844)
1672512406,41.3129099,2.0226824,3,,,POINT (2.0226824 41.3129099)
1672512429,41.3102089,2.0247387,3,,,POINT (2.0247387 41.3102089)
1672512435,41.3103298,2.0249578,3,,,POINT (2.0249578 41.3103298)
1672512439,41.311994,2.0233121,3,,,POINT (2.0233121 41.311994)
1672512452,41.3118264,2.0231742,3,,,POINT (2.0231742 41.3118264)
1676387272,41.3216984,2.019496,3,,,POINT (2.019496 41.3216984)
1693128085,41.3151773,2.0232316,1,,,POINT (2.0232316 41.3151773)
1693806115,41.3084497,2.012694,3,,,POINT (2.012694 41.3084497)
1693806116,41.3082097,2.0123139,3,,,POINT (2.0123139 41.3082097)
1763262440,41.3198171,2.0259035,3,,,POINT (2.0259035 41.3198171)
1777427676,41.3116417,2.0024746,3,,,POINT (2.0024746 41.3116417)
1828097739,41.3102638,2.0306577,1,,,POINT (2.0306577 41.3102638)
1843795431,41.3150448,2.0245791,3,,,POINT (2.0245791 41.3150448)
1843795432,41.3165022,2.0228125,4,,,POINT (2.0228125 41.3165022)
1843795433,41.3167862,2.0241563,4,,,POINT (2.0241563 41.3167862)
1843795434,41.3172957,2.0257216,4,,,POINT (2.0257216 41.3172957)
1843795435,41.3175722,2.024939,4,,,POINT (2.024939 41.3175722)
1885033293,41.3131806,2.0323,3,,,POINT (2.0323 41.3131806)
1885951239,41.3064627,2.0082993,3,,,POINT (2.0082993 41.3064627)
1885951241,41.3078858,2.0126508,3,,,POINT (2.0126508 41.3078858)
1885951244,41.3079679,2.0126331,3,,,POINT (2.0126331 41.3079679)
1885951247,41.3082337,2.0129621,3,,,POINT (2.0129621 41.3082337)
1885951249,41.3082387,2.0129183,3,,,POINT (2.0129183 41.3082387)
1994627752,41.3090077,2.0191053,3,,,POINT (2.0191053 41.3090077)
1994627759,41.3088786,2.0191969,3,,,POINT (2.0191969 41.3088786)
2088165801,41.3128838,2.0252206,3,,,POINT (2.0252206 41.3128838)
2088186040,41.3155614,2.025096,3,,,POINT (2.025096 41.3155614)
2142861448,41.3235865,2.0182201,3,,,POINT (2.0182201 41.3235865)
2143335929,41.3185617,2.025229,1,,,POINT (2.025229 41.3185617)
2143335939,41.3137654,2.0246655,1,,,POINT (2.0246655 41.3137654)
2143335946,41.3181441,2.0256708,4,,,POINT (2.0256708 41.3181441)
2143335949,41.3200461,2.0231338,3,,,POINT (2.0231338 41.3200461)
2143335951,41.3193622,2.0240483,3,,,POINT (2.0240483 41.3193622)
2143335953,41.3142754,2.025514,3,,,POINT (2.025514 41.3142754)
2143335962,41.3210282,2.0244524,3,,,POINT (2.0244524 41.3210282)
2143335963,41.3194409,2.0263116,3,,,POINT (2.0263116 41.3194409)
2143335964,41.3189879,2.026815,4,,,POINT (2.026815 41.3189879)
2143335965,41.3180115,2.0279538,3,,,POINT (2.0279538 41.3180115)
2143335967,41.3189223,2.0248106,1,,,POINT (2.0248106 41.3189223)
2143335973,41.3202868,2.0252914,3,,,POINT (2.0252914 41.3202868)
2187119246,41.3201415,2.0256594,3,,,POINT (2.0256594 41.3201415)
2208488594,41.2870635,2.0678775,2,,,POINT (2.0678775 41.2870635)
2208488612,41.2880786,2.0666375,2,,,POINT (2.0666375 41.2880786)
2208488634,41.2884031,2.0661833,2,,,POINT (2.0661833 41.2884031)
2208488644,41.2884822,2.0659391,2,,,POINT (2.0659391 41.2884822)
2211847248,41.2992787,2.0520627,2,,,POINT (2.0520627 41.2992787)
2211847282,41.3000193,2.0518561,2,,,POINT (2.0518561 41.3000193)
2221700167,41.278535,2.0522426,3,,,POINT (2.0522426 41.278535)
2221700186,41.2786615,2.0525454,3,,,POINT (2.0525454 41.2786615)
2221700286,41.2805453,2.0506869,3,,,POINT (2.0506869 41.2805453)
2221700312,41.2808078,2.0505991,3,,,POINT (2.0505991 41.2808078)
2260624556,41.2730923,2.0438662,2,,,POINT (2.0438662 41.2730923)
2260624558,41.2731157,2.0435284,2,,,POINT (2.0435284 41.2731157)
2260624562,41.2732027,2.0438089,2,,,POINT (2.0438089 41.2732027)
2332249070,41.2740015,2.0456464,3,,,POINT (2.0456464 41.2740015)
2332249073,41.2747675,2.0470005,3,motorway_junction,,POINT (2.0470005 41.2747675)
2338038473,41.3083649,2.0127862,3,,,POINT (2.0127862 41.3083649)
2383446341,41.3035662,2.0159826,3,,,POINT (2.0159826 41.3035662)
2383446352,41.3032745,2.0158409,3,,,POINT (2.0158409 41.3032745)
2383446355,41.303492,2.0160365,3,,,POINT (2.0160365 41.303492)
2383446359,41.3035254,2.0155311,3,,,POINT (2.0155311 41.3035254)
2383446364,41.3035992,2.0157636,3,,,POINT (2.0157636 41.3035992)
2404830460,41.3124257,2.0159275,3,,,POINT (2.0159275 41.3124257)
2404853941,41.313605,2.0183608,3,,,POINT (2.0183608 41.313605)
2407138065,41.3105515,2.0089043,3,,,POINT (2.0089043 41.3105515)
2407138066,41.3102452,2.0088266,3,,,POINT (2.0088266 41.3102452)
2407138072,41.3104791,2.0094754,3,,,POINT (2.0094754 41.3104791)
2484613875,41.313632,2.0144991,3,crossing,,POINT (2.0144991 41.313632)
2484613878,41.3137472,2.0146015,3,,,POINT (2.0146015 41.3137472)
2987193084,41.3229675,2.0290144,3,,,POINT (2.0290144 41.3229675)
2987193088,41.322285,2.0292405,3,,,POINT (2.0292405 41.322285)
2987193095,41.3228513,2.0300428,3,,,POINT (2.0300428 41.3228513)
2987196295,41.3230253,2.02992,3,,,POINT (2.02992 41.3230253)
3088102812,41.3019813,2.0181772,3,,,POINT (2.0181772 41.3019813)
3088102817,41.3000204,2.020549,3,,,POINT (2.020549 41.3000204)
3088102822,41.3019346,2.0179945,2,,,POINT (2.0179945 41.3019346)
3088102827,41.3018805,2.0183655,3,,,POINT (2.0183655 41.3018805)
3088102830,41.3019649,2.018255,3,,,POINT (2.018255 41.3019649)
3088102831,41.3016895,2.018326,2,,,POINT (2.018326 41.3016895)
3088105135,41.3018402,2.0183827,3,,,POINT (2.0183827 41.3018402)
3088105221,41.3026635,2.0173315,3,,,POINT (2.0173315 41.3026635)
3088105224,41.3031655,2.020353,3,,,POINT (2.020353 41.3031655)
3315606211,41.3111204,2.0365415,3,,,POINT (2.0365415 41.3111204)
3783460876,41.3052963,2.0244725,3,,,POINT (2.0244725 41.3052963)
3783460882,41.3056335,2.0242196,3,,,POINT (2.0242196 41.3056335)
3783460895,41.3030519,2.0236203,3,,,POINT (2.0236203 41.3030519)
3783460905,41.304131,2.0224968,3,,,POINT (2.0224968 41.304131)
3783460937,41.3071976,2.0274126,3,,,POINT (2.0274126 41.3071976)
3783461459,41.3051061,2.0214087,3,,,POINT (2.0214087 41.3051061)
4087692901,41.3177099,2.0107434,3,,,POINT (2.0107434 41.3177099)
4087692906,41.3179053,2.0083934,3,,,POINT (2.0083934 41.3179053)
4087692913,41.3195506,2.0072486,3,,,POINT (2.0072486 41.3195506)
4087742266,41.3151883,2.0083533,4,,,POINT (2.0083533 41.3151883)
4087742279,41.3156372,2.0063185,3,,,POINT (2.0063185 41.3156372)
4087775578,41.3117554,2.005325,3,,,POINT (2.005325 41.3117554)
4223738578,41.3151047,2.0206065,2,,,POINT (2.0206065 41.3151047)
4223738581,41.3152946,2.0208317,3,,,POINT (2.0208317 41.3152946)
4271743735,41.2892552,2.0632939,3,,,POINT (2.0632939 41.2892552)
4271749701,41.2876403,2.0668052,3,,,POINT (2.0668052 41.2876403)
4346548501,41.3044625,2.0221762,3,,,POINT (2.0221762 41.3044625)
4346548508,41.3055932,2.0241359,3,,,POINT (2.0241359 41.3055932)
4346548509,41.3056678,2.0225347,4,,,POINT (2.0225347 41.3056678)
4346548521,41.3069814,2.0227682,3,,,POINT (2.0227682 41.3069814)
4347724102,41.3089757,2.0260185,3,,,POINT (2.0260185 41.3089757)
4353309812,41.3072296,2.0273536,3,,,POINT (2.0273536 41.3072296)
4353309814,41.3046077,2.025191,4,,,POINT (2.025191 41.3046077)
4353309818,41.3074553,2.0274611,3,,,POINT (2.0274611 41.3074553)
4353309820,41.3053104,2.0241362,3,,,POINT (2.0241362 41.3053104)
4353309837,41.3053501,2.0240935,3,,,POINT (2.0240935 41.3053501)
4353309858,41.3044559,2.0224939,3,,,POINT (2.0224939 41.3044559)
4353309859,41.304412,2.022107,3,,,POINT (2.022107 41.304412)
4353309860,41.3041386,2.0221488,3,,,POINT (2.0221488 41.3041386)
4353309861,41.3042076,2.0220806,3,,,POINT (2.0220806 41.3042076)
4353309862,41.3043932,2.0225667,3,,,POINT (2.0225667 41.3043932)
4353325928,41.309186,2.0261045,3,,,POINT (2.0261045 41.309186)
4353325940,41.3091591,2.0261712,3,,,POINT (2.0261712 41.3091591)
4353325942,41.3090964,2.0262156,3,,,POINT (2.0262156 41.3090964)
4353325944,41.3074003,2.02734,3,,,POINT (2.02734 41.3074003)
4353325945,41.3072104,2.0275901,3,,,POINT (2.0275901 41.3072104)
4353325946,41.308306,2.0266192,3,,,POINT (2.0266192 41.308306)
4353325969,41.3064435,2.0216156,4,,,POINT (2.0216156 41.3064435)
4353325973,41.3016361,2.0228843,3,,,POINT (2.0228843 41.3016361)
4357570550,41.3063484,2.023478,3,,,POINT (2.023478 41.3063484)
4357570567,41.3061363,2.0203187,3,,,POINT (2.0203187 41.3061363)
4357570568,41.3090147,2.0261902,3,,,POINT (2.0261902 41.3090147)
4357570569,41.3074562,2.0275,3,,,POINT (2.0275 41.3074562)
4357587942,41.3088401,2.0285518,1,turning_circle,,POINT (2.0285518 41.3088401)
4358780493,41.3247812,2.0125318,3,,,POINT (2.0125318 41.3247812)
4358780494,41.3249756,2.0115973,3,,,POINT (2.0115973 41.3249756)
4358780497,41.325148,2.0118822,3,,,POINT (2.0118822 41.325148)
4358780498,41.3251825,2.0120908,4,,,POINT (2.0120908 41.3251825)
4358780501,41.3252868,2.01198,4,,,POINT (2.01198 41.3252868)
4358780502,41.3253414,2.0122204,3,,,POINT (2.0122204 41.3253414)
4358780504,41.3253982,2.0111622,3,,,POINT (2.0111622 41.3253982)
4358780505,41.3255212,2.0125204,3,,,POINT (2.0125204 41.3255212)
4358780507,41.3255625,2.0114394,3,,,POINT (2.0114394 41.3255625)
4358780508,41.3255973,2.0116501,3,,,POINT (2.0116501 41.3255973)
4358780510,41.3258997,2.0110927,3,,,POINT (2.0110927 41.3258997)
4358780511,41.3259193,2.0112628,3,,,POINT (2.0112628 41.3259193)
4358780512,41.3259609,2.0115398,3,,,POINT (2.0115398 41.3259609)
4358780513,41.3260464,2.0112025,4,,,POINT (2.0112025 41.3260464)
4358780516,41.3263252,2.0106406,3,,,POINT (2.0106406 41.3263252)
4358780517,41.3263733,2.0108611,4,,,POINT (2.0108611 41.3263733)
4358780520,41.3264785,2.0107474,4,,,POINT (2.0107474 41.3264785)
4358780521,41.3265018,2.0109641,3,,,POINT (2.0109641 41.3265018)
4358780523,41.3266178,2.0105969,1,,,POINT (2.0105969 41.3266178)
4358780524,41.3266937,2.0112991,3,,,POINT (2.0112991 41.3266937)
4430841615,41.2902015,2.0257658,2,,,POINT (2.0257658 41.2902015)
4457100237,41.3124586,2.0355986,3,,,POINT (2.0355986 41.3124586)
4469422084,41.30528,2.0178385,3,,,POINT (2.0178385 41.30528)
4469422085,41.3053505,2.0180739,3,,,POINT (2.0180739 41.3053505)
4469422088,41.3052394,2.0180751,3,,,POINT (2.0180751 41.3052394)
4549490592,41.3020131,2.0458037,3,,,POINT (2.0458037 41.3020131)
4549490595,41.3020273,2.0453773,3,,,POINT (2.0453773 41.3020273)
4549490596,41.3021945,2.0459956,3,,,POINT (2.0459956 41.3021945)
4554626299,41.312751,2.0227442,3,,,POINT (2.0227442 41.312751)
4556222967,41.298565,2.0538305,3,,,POINT (2.0538305 41.298565)
4558538601,41.3198035,2.0259182,3,,,POINT (2.0259182 41.3198035)
4558577507,41.3118808,2.0234142,3,,,POINT (2.0234142 41.3118808)
4560313023,41.3104523,2.0089641,3,,,POINT (2.0089641 41.3104523)
4560313024,41.3104256,2.0089679,3,,,POINT (2.0089679 41.3104256)
4568983477,41.3077642,2.0204834,4,,,POINT (2.0204834 41.3077642)
4568983480,41.3076137,2.0202413,4,,,POINT (2.0202413 41.3076137)
4569285097,41.3242725,2.0119839,3,,,POINT (2.0119839 41.3242725)
4569285099,41.324208,2.0119199,3,,,POINT (2.0119199 41.324208)
4569285100,41.3242227,2.0119611,3,,,POINT (2.0119611 41.3242227)
4569318327,41.310524,2.0037073,3,,,POINT (2.0037073 41.310524)
4569344748,41.3115412,2.0053412,3,,,POINT (2.0053412 41.3115412)
4569344749,41.3115708,2.0053944,3,,,POINT (2.0053944 41.3115708)
4569344752,41.3117914,2.0058673,3,,,POINT (2.0058673 41.3117914)
4569344753,41.311778,2.0056767,3,,,POINT (2.0056767 41.311778)
4569344756,41.311694,2.0056499,3,,,POINT (2.0056499 41.311694)
4570126146,41.3083738,2.0055704,3,,,POINT (2.0055704 41.3083738)
4584610470,41.310467,2.0038131,3,,,POINT (2.0038131 41.310467)
4584610471,41.3105236,2.003738,3,,,POINT (2.003738 41.3105236)
4587244525,41.3115303,2.0054377,3,,,POINT (2.0054377 41.3115303)
4587244527,41.3117894,2.0055763,3,,,POINT (2.0055763 41.3117894)
4620449097,41.3117809,2.0056014,3,,,POINT (2.0056014 41.3117809)
4620449099,41.3115659,2.0053699,3,,,POINT (2.0053699 41.3115659)
4793822954,41.3303459,2.0075694,2,,,POINT (2.0075694 41.3303459)
5345118960,41.3226952,2.0147329,3,,,POINT (2.0147329 41.3226952)
5345118961,41.3221209,2.0153204,3,,,POINT (2.0153204 41.3221209)
5345154771,41.320235,2.0228718,3,,,POINT (2.0228718 41.320235)
5346948498,41.3172336,2.0132721,4,,,POINT (2.0132721 41.3172336)
5346954184,41.3223838,2.0157922,4,,,POINT (2.0157922 41.3223838)
5401629305,41.3176057,2.0138104,4,,,POINT (2.0138104 41.3176057)
5401629306,41.3185918,2.015195,4,,,POINT (2.015195 41.3185918)
5401629307,41.318431,2.0142108,1,,,POINT (2.0142108 41.318431)
5401629308,41.317956,2.0135241,4,,,POINT (2.0135241 41.317956)
5401629309,41.3175181,2.0129114,3,,,POINT (2.0129114 41.3175181)
5401629314,41.3167804,2.0136642,4,,,POINT (2.0136642 41.3167804)
5401631423,41.3164014,2.0121349,3,,,POINT (2.0121349 41.3164014)
5531281618,41.2998623,2.0205762,2,,,POINT (2.0205762 41.2998623)
5772379239,41.2813723,2.0498923,3,,,POINT (2.0498923 41.2813723)
5772382696,41.2807031,2.0503638,3,,,POINT (2.0503638 41.2807031)
5772382701,41.2812451,2.0501866,3,,,POINT (2.0501866 41.2812451)
5772382711,41.2810698,2.0499616,3,,,POINT (2.0499616 41.2810698)
5772382717,41.2805796,2.0506573,3,,,POINT (2.0506573 41.2805796)
5772382718,41.2787988,2.0521947,3,,,POINT (2.0521947 41.2787988)
5772382726,41.2990732,2.0351874,3,,,POINT (2.0351874 41.2990732)
5772382730,41.2993837,2.0350875,3,,,POINT (2.0350875 41.2993837)
6280547322,41.3149329,2.003747,3,,,POINT (2.003747 41.3149329)
6280547323,41.3146268,2.0033121,1,,,POINT (2.0033121 41.3146268)
6289097043,41.3150836,2.0035563,3,,,POINT (2.0035563 41.3150836)
6315715531,41.3051986,2.0179405,3,,,POINT (2.0179405 41.3051986)
6315715532,41.3051968,2.0179785,3,,,POINT (2.0179785 41.3051968)
6315715548,41.3049007,2.0172136,3,,,POINT (2.0172136 41.3049007)
6447291071,41.3129129,2.0088708,3,,,POINT (2.0088708 41.3129129)
6447291072,41.3133423,2.0087289,1,turning_circle,,POINT (2.0087289 41.3133423)
6487401952,41.2943255,2.0490447,1,,,POINT (2.0490447 41.2943255)
7188556187,41.3141091,2.040657,2,,,POINT (2.040657 41.3141091)
7271743316,41.273544,2.0430919,2,,,POINT (2.0430919 41.273544)
7839120968,41.3152529,2.0269046,3,,,POINT (2.0269046 41.3152529)
7839120969,41.3163278,2.0279379,3,,,POINT (2.0279379 41.3163278)
8119286345,41.3219144,2.0235593,3,,,POINT (2.0235593 41.3219144)
8157575444,41.3206026,2.0345671,2,crossing,,POINT (2.0345671 41.3206026)
8426609760,41.3116472,2.0020076,3,,,POINT (2.0020076 41.3116472)
8569349879,41.3038688,2.0193665,3,,,POINT (2.0193665 41.3038688)
8569349889,41.3030351,2.0201242,3,,,POINT (2.0201242 41.3030351)
8665045217,41.3165182,2.0131236,1,,,POINT (2.0131236 41.3165182)
8706350392,41.3212679,2.0008246,1,,,POINT (2.0008246 41.3212679)
8706350395,41.3211862,2.000744,3,,,POINT (2.000744 41.3211862)
9450392714,41.3070886,2.0230762,3,crossing,,POINT (2.0230762 41.3070886)
9959380164,41.3231033,2.0297328,3,,,POINT (2.0297328 41.3231033)
10093451976,41.3207441,2.0249579,3,,,POINT (2.0249579 41.3207441)
10093451977,41.3207302,2.0249867,3,,,POINT (2.0249867 41.3207302)
10093451978,41.3206893,2.0250092,3,,,POINT (2.0250092 41.3206893)
10093506076,41.3213063,2.0243212,3,,,POINT (2.0243212 41.3213063)
10095475579,41.3195877,2.0071377,3,,,POINT (2.0071377 41.3195877)
10098682764,41.3162586,2.0170706,4,,,POINT (2.0170706 41.3162586)
10098682767,41.3149869,2.0189664,2,,,POINT (2.0189664 41.3149869)
10102978853,41.3122354,2.0021402,3,,,POINT (2.0021402 41.3122354)
10102978858,41.3122288,2.00187,3,,,POINT (2.00187 41.3122288)
10102980234,41.3143461,2.0010822,3,,,POINT (2.0010822 41.3143461)
10106890908,41.3034948,2.0154962,2,,,POINT (2.0154962 41.3034948)
10106993225,41.3122606,2.0120582,3,,,POINT (2.0120582 41.3122606)
10108109102,41.3219422,2.0306175,3,,,POINT (2.0306175 41.3219422)
10108109103,41.3218381,2.0307518,3,,,POINT (2.0307518 41.3218381)
10108109104,41.3217535,2.0306443,3,,,POINT (2.0306443 41.3217535)
10108109105,41.3218642,2.0305014,3,,,POINT (2.0305014 41.3218642)
10108109106,41.3217814,2.0305351,3,,,POINT (2.0305351 41.3217814)
10108126918,41.3234146,2.0306741,2,,,POINT (2.0306741 41.3234146)
10185494293,41.32251,2.0289559,3,,,POINT (2.0289559 41.32251)
10185494294,41.321855,2.0280476,3,,,POINT (2.0280476 41.321855)
10185494295,41.3215722,2.0279423,3,,,POINT (2.0279423 41.3215722)
10207349882,41.3216265,2.0282969,3,,,POINT (2.0282969 41.3216265)
10207374170,41.3231379,2.0280033,3,,,POINT (2.0280033 41.3231379)
10207374174,41.323662,2.0255651,3,,,POINT (2.0255651 41.323662)
10207374186,41.325674,2.0213723,3,,,POINT (2.0213723 41.325674)
10207374193,41.3255886,2.0215788,3,,,POINT (2.0215788 41.3255886)
10207374196,41.3256463,2.021725,3,,,POINT (2.021725 41.3256463)
10207374206,41.32577,2.0213631,3,,,POINT (2.0213631 41.32577)
10207412117,41.3257641,2.0242681,3,,,POINT (2.0242681 41.3257641)
10207412127,41.3257292,2.0244347,3,,,POINT (2.0244347 41.3257292)
10207412133,41.3257537,2.0217493,3,,,POINT (2.0217493 41.3257537)
10207412137,41.3258548,2.024243,3,,,POINT (2.024243 41.3258548)
10207412147,41.3234791,2.0222458,3,,,POINT (2.0222458 41.3234791)
10207412148,41.3226014,2.0228372,3,,,POINT (2.0228372 41.3226014)
10207412150,41.3213583,2.0242631,3,,,POINT (2.0242631 41.3213583)
10207412151,41.3234579,2.026864,3,,,POINT (2.026864 41.3234579)
10207412153,41.3244993,2.0240836,1,,,POINT (2.0240836 41.3244993)
10207412154,41.3231196,2.0242922,3,,,POINT (2.0242922 41.3231196)
10207412156,41.3215765,2.0276702,3,,,POINT (2.0276702 41.3215765)
10207412159,41.3221018,2.0282149,2,,,POINT (2.0282149 41.3221018)
10207412160,41.3226304,2.0275287,3,,,POINT (2.0275287 41.3226304)
10207683471,41.3232777,2.029974,2,traffic_signals,,POINT (2.029974 41.3232777)
10207683472,41.3231758,2.0301175,2,traffic_signals,,POINT (2.0301175 41.3231758)
10603910093,41.3207358,2.034405,2,crossing,,POINT (2.034405 41.3207358)
10840344508,41.3237701,2.0256623,3,,,POINT (2.0256623 41.3237701)
10840344509,41.3235355,2.0257291,3,,,POINT (2.0257291 41.3235355)
10840344510,41.3235796,2.025861,3,,,POINT (2.025861 41.3235796)
10840344511,41.3227957,2.0289167,3,,,POINT (2.0289167 41.3227957)
10840344519,41.3237026,2.0258934,3,,,POINT (2.0258934 41.3237026)
10840344521,41.3257682,2.0245138,3,,,POINT (2.0245138 41.3257682)
10840344525,41.3243196,2.0256665,3,,,POINT (2.0256665 41.3243196)
10840344528,41.3237835,2.0257679,3,,,POINT (2.0257679 41.3237835)
11275922902,41.3244823,2.0258221,3,,,POINT (2.0258221 41.3244823)
11275922905,41.3244189,2.0262978,3,,,POINT (2.0262978 41.3244189)
11275922906,41.3245219,2.0255448,3,,,POINT (2.0255448 41.3245219)
11275922907,41.3248262,2.0265276,1,,,POINT (2.0265276 41.3248262)
11382809938,41.3210675,2.0269999,3,,,POINT (2.0269999 41.3210675)
11382809941,41.32224,2.0254326,4,,,POINT (2.0254326 41.32224)
11382809942,41.3216617,2.026205,4,,,POINT (2.026205 41.3216617)
11382809945,41.3220366,2.0283035,3,,,POINT (2.0283035 41.3220366)
11382810675,41.3146107,2.0210861,3,,,POINT (2.0210861 41.3146107)
11382810677,41.315185,2.0207018,3,,,POINT (2.0207018 41.315185)
11382810685,41.3151819,2.0209151,3,,,POINT (2.0209151 41.3151819)
11382810690,41.3150621,2.0213933,3,,,POINT (2.0213933 41.3150621)
11387988431,41.2786729,2.0530378,3,crossing,,POINT (2.0530378 41.2786729)
11423339058,41.3212696,2.0256854,3,,,POINT (2.0256854 41.3212696)
11423339059,41.3218507,2.0249391,3,,,POINT (2.0249391 41.3218507)
11423394492,41.3239624,2.0280608,1,,,POINT (2.0280608 41.3239624)
12180995969,41.3104119,2.0244502,3,,,POINT (2.0244502 41.3104119)
12180995970,41.3105025,2.0244299,3,,,POINT (2.0244299 41.3105025)
12180995971,41.3102552,2.0242323,3,,,POINT (2.0242323 41.3102552)
12180995976,41.3069293,2.0229046,3,,,POINT (2.0229046 41.3069293)
12181435186,41.3104879,2.013315,3,,,POINT (2.013315 41.3104879)
12181435188,41.3106129,2.0132503,3,crossing,,POINT (2.0132503 41.3106129)
12186960200,41.3219942,2.0308068,2,crossing,,POINT (2.0308068 41.3219942)
12346156720,41.3236882,2.024206,4,,,POINT (2.024206 41.3236882)
12346156730,41.322169,2.0268981,3,,,POINT (2.0268981 41.322169)
12463364889,41.3132186,2.0316032,3,,,POINT (2.0316032 41.3132186)
